{"username": "Dr_alqarnee", "words": {"academy": 3, "day": 2, "homeland": 1, "land": 1, "peace": 1, "today": 1, "celebrate": 1, "anniversary": 1, "national": 1, "king": 1, "united": 1, "nation": 1, "bin": 1, "news": 1, "china": 1}, "emojis": {}, "interests": {"academy": 2500.722140457827, "homeland": 911.4828351943719, "bin": 454.7430596661334, "anniversary": 105.61052000673175, "land": 74.80778297313368, "king": 74.13661492505703, "national": 73.47708089566446, "united": 65.34881469097841, "nation": 57.88283083363024, "peace": 50.840560789105766, "celebrate": 40.92245298149827, "china": 34.86524194448773, "news": 21.19595439688306, "day": 14.494891001156205, "today": 3.649006606525515}}