{"username": "Dr_alqarnee", "words": {"academy": 3, "day": 2, "homeland": 1, "land": 1, "peace": 1, "today": 1, "celebrate": 1, "anniversary": 1, "national": 1, "king": 1, "united": 1, "nation": 1, "bin": 1, "news": 1, "china": 1}, "emojis": {}, "interests": {"homeland": 0.006993006993006993, "academy": 0.004484304932735426, "bin": 0.0035714285714285713, "anniversary": 0.0008064516129032258, "land": 0.0005865102639296188, "king": 0.0005827505827505828, "national": 0.0005737234652897303, "united": 0.0005151983513652757, "nation": 0.00045934772622875517, "peace": 0.00040306328093510683, "celebrate": 0.000326477309826967, "china": 0.00028538812785388126, "news": 0.00017540782318891423, "day": 6.971799072750723e-05, "today": 4.171533455698315e-05}}