{"username": "Dr_alqarnee", "words": {"academy": 3, "day": 2, "homeland": 1, "land": 1, "peace": 1, "today": 1, "celebrate": 1, "anniversary": 1, "national": 1, "king": 1, "united": 1, "nation": 1, "bin": 1, "news": 1, "china": 1}, "emojis": {}, "interests": {"academy": 2434.538067388102, "homeland": 1266.6235543791545, "bin": 645.9053132803521, "anniversary": 144.30768648470232, "land": 104.41001753572274, "king": 103.7280229202259, "national": 102.09053479041957, "united": 91.47440647856979, "nation": 81.34367481652086, "peace": 71.13461734941147, "celebrate": 57.24413046637273, "china": 49.79244733091177, "news": 29.852694695223487, "day": 21.453638296415114, "today": 5.699846740086793}}