{"username": "Dr_alqarnee", "words": {"snap": 2, "net": 2, "shahi": 1, "haya": 1, "news": 1, "stand": 1, "progression": 1, "prompt": 1, "collaboration": 1, "user": 1, "cardial": 1, "academy": 1, "cloud": 1}, "emojis": {"cloud": {"emoji": "cloud", "score": 1.0}, "eye": {"emoji": "eye", "score": 1.0}, "store": {"emoji": "department-store", "score": 0.8487166166305542}, "bin": {"emoji": "litter-in-bin-sign", "score": 0.7097140550613403}, "eer": {"emoji": "leo", "score": 0.4645099639892578}, "channel": {"emoji": "television", "score": 0.45529958605766296}, "academy": {"emoji": "school", "score": 0.4443495571613312}, "life": {"emoji": "family", "score": 0.41159164905548096}, "snap": {"emoji": "pinching-hand", "score": 0.3719831109046936}, "minister": {"emoji": "file-cabinet", "score": 0.371576726436615}, "abu": {"emoji": "falafel", "score": 0.37025186419487}, "spokesman": {"emoji": "police-officer", "score": 0.3634745180606842}, "consumer": {"emoji": "card-index", "score": 0.36246252059936523}}, "interests": {"cardial": 283324.93333686277, "shahi": 31478.770402135793, "prompt": 11331.077421570622, "progression": 4356.876126852844, "net": 3092.470508551627, "user": 2483.324378970217, "snap": 1913.6124638200515, "haya": 1572.0391538269866, "cloud": 633.2637565149383, "collaboration": 296.55649314741675, "academy": 285.35331104547834, "stand": 55.56905826497737, "news": 31.090566684112538}}