{"username": "Dr_alqarnee", "words": {"store": 9, "cardial": 7, "cloud": 1, "snap": 1, "academy": 1, "spokesman": 1, "channel": 1, "abu": 1, "covid": 1, "consumer": 1, "eye": 1, "jed": 1, "bin": 1, "eer": 1, "minister": 1, "life": 1}, "emojis": {"cloud": {"emoji": "cloud", "score": 1.0}, "eye": {"emoji": "eye", "score": 1.0}, "store": {"emoji": "department-store", "score": 0.8487166166305542}, "bin": {"emoji": "litter-in-bin-sign", "score": 0.7097140550613403}, "eer": {"emoji": "leo", "score": 0.4645099639892578}, "channel": {"emoji": "television", "score": 0.45529958605766296}, "academy": {"emoji": "school", "score": 0.44434958696365356}, "life": {"emoji": "family", "score": 0.41159164905548096}, "snap": {"emoji": "pinching-hand", "score": 0.3719831109046936}, "minister": {"emoji": "file-cabinet", "score": 0.371576726436615}, "abu": {"emoji": "falafel", "score": 0.37025186419487}, "spokesman": {"emoji": "police-officer", "score": 0.3634745180606842}, "consumer": {"emoji": "card-index", "score": 0.36246252059936523}}, "interests": {"cardial": 554507.1000883646, "eer": 39606.650025247014, "jed": 3298.721136297458, "store": 2051.910519962953, "spokesman": 878.193358337692, "consumer": 448.1005171914641, "bin": 244.0205243960098, "cloud": 213.8555865048896, "abu": 177.23024022279105, "snap": 162.35732934279366, "academy": 106.52606447387852, "eye": 56.43695523118932, "channel": 41.35857904981639, "minister": 26.2066566138883, "covid": 13.186825515402782, "life": 3.968360428130129}}