{"username": "Dr_alqarnee", "words": {"academy": 3, "day": 2, "homeland": 1, "land": 1, "peace": 1, "today": 1, "celebrate": 1, "anniversary": 1, "national": 1, "king": 1, "united": 1, "nation": 1, "bin": 1, "news": 1, "china": 1}, "emojis": {}, "interests": {"homeland": 0.006993006993006993, "academy": 0.006396588486140725, "bin": 0.0034965034965034965, "anniversary": 0.0008244023083264633, "land": 0.000591715976331361, "king": 0.0005844535359438924, "national": 0.0005797101449275362, "united": 0.0005173305742369374, "nation": 0.0004616805170821791, "peace": 0.00040551500405515005, "celebrate": 0.00032927230819888045, "china": 0.0002845759817871372, "news": 0.0001784121320249777, "day": 7.01311452416018e-05, "today": 4.1972717733473244e-05}}