{"username": "cocielo", "words": {"video": 48, "like": 40, "copa": 31, "mano": 24, "par": 16, "cirrose": 15, "rio": 12, "canal": 12, "bom": 9, "ser": 8, "do": 7, "ado": 7, "para": 5, "sou": 5, "hit": 5, "super": 5, "ma": 4, "dar": 4, "mar": 4, "ria": 3, "vei": 3, "help": 3, "julio": 3, "dele": 3, "mim": 3, "top": 3, "guitar": 3, "hero": 3, "sal": 3, "funk": 3, "hist": 2, "fez": 2, "era": 2, "rage": 2, "sair": 2, "alto": 2, "ante": 2, "fig": 2, "lan": 2, "beer": 2, "pong": 2, "parado": 2, "bail": 2, "pe": 2, "bola": 2, "dan": 2, "hiper": 2, "hard": 2, "mist": 2, "real": 2, "favor": 2, "agora": 2, "continue": 2, "official": 2, "cole": 2, "boa": 2, "bra": 2, "improvisator": 1, "mau": 1, "nome": 1, "patch": 1, "bater": 1, "tale": 1, "wind": 1, "mobile": 1, "sabe": 1, "da": 1, "revers": 1, "campo": 1, "society": 1, "alco": 1, "gal": 1, "prepare": 1, "job": 1, "simulator": 1, "chance": 1, "vier": 1, "nova": 1, "apar": 1, "sonic": 1, "soldado": 1, "ben": 1, "tech": 1, "pop": 1, "mudar": 1, "pica": 1, "cod": 1, "family": 1, "friendly": 1, "barcelona": 1, "part": 1, "bar": 1, "bora": 1, "pinto": 1, "clip": 1, "tempo": 1, "fake": 1, "come": 1, "es": 1, "fod": 1, "dole": 1, "passado": 1, "mermaid": 1, "go": 1, "fico": 1, "mal": 1, "moral": 1, "nostalgia": 1, "caramba": 1, "rie": 1, "sud": 1, "zero": 1, "dura": 1, "salvo": 1, "rind": 1, "origin": 1, "grade": 1, "poha": 1, "duo": 1, "planeta": 1, "forum": 1, "especial": 1, "fly": 1, "cup": 1, "canso": 1, "great": 1, "tao": 1, "ester": 1, "solo": 1, "league": 1, "sla": 1, "replay": 1, "sexual": 1, "victor": 1, "dinheiro": 1, "rocky": 1, "balboa": 1, "link": 1, "tapa": 1, "din": 1, "cone": 1, "meio": 1, "valor": 1, "serve": 1, "memo": 1, "hora": 1, "pro": 1, "ace": 1, "twitter": 1, "gola": 1}, "emojis": {}, "interests": {"cirrose": 104097.39374244738, "copa": 12899.521404312409, "vei": 11100.922579013002, "mano": 10804.617856649293, "improvisator": 7402.614647522576, "like": 5430.701159456281, "rind": 3700.3075263376677, "sla": 3700.3075263376677, "hiper": 3698.3083366431856, "canal": 3140.0350961240915, "revers": 2466.205242643311, "par": 2019.6197169120883, "dole": 1849.1541683215928, "poha": 1849.1541683215928, "ado": 1722.0383266523202, "fig": 1641.4723225769226, "apar": 1478.9235777489296, "ester": 1478.9235777489296, "video": 1180.8616776236956, "parado": 1180.7416982684576, "vier": 1055.8030185666746, "alco": 923.5778944663145, "pong": 867.1357108455825, "fod": 820.7361612884613, "soldado": 615.0528299836745, "bom": 575.3845834731038, "es": 409.3699038316467, "rio": 406.627024942525, "funk": 402.8657593873045, "tapa": 387.71911925545635, "julio": 381.4739881317068, "caramba": 368.233426641977, "mist": 361.6709150490226, "canso": 350.6035271393928, "sou": 347.43552165013784, "balboa": 319.94286758296454, "sal": 303.98964344655093, "guitar": 299.7245356520787, "pe": 295.1897139792999, "salvo": 282.7963771882068, "nome": 262.45429972831107, "dele": 246.46569364070055, "gola": 244.8245352766465, "sair": 229.23335658402053, "sud": 215.78737150984819, "cod": 198.12971343731724, "sexual": 192.86340857893987, "mim": 188.33649917754443, "moral": 187.86717756206497, "mar": 174.3552172509593, "rage": 166.24452213523983, "alto": 162.4198708046443, "bail": 149.48957803935158, "sonic": 149.1211993822424, "dar": 141.5066315704345, "friendly": 140.4034555799721, "mermaid": 140.4034555799721, "beer": 139.8067430617252, "bola": 133.1516619703545, "simulator": 127.91321566508404, "ser": 116.70928164751669, "bra": 112.18525386643411, "pica": 106.90057335182927, "cone": 100.85159189499203, "gal": 98.07235204470247, "tao": 95.43940219189335, "memo": 90.56848547947243, "mudar": 87.22343226816301, "passado": 86.16151704477528, "nostalgia": 83.12226106761992, "fez": 82.64986592298091, "cole": 71.22696145801667, "super": 66.56981582901369, "origin": 64.1277552786472, "bater": 62.40348313812876, "lan": 58.68218363023722, "replay": 57.25379746473687, "victor": 54.97612979242107, "pinto": 54.11339120982323, "especial": 54.11339120982323, "hero": 53.283995298885536, "hit": 52.049035371690174, "valor": 50.164349853638505, "dinheiro": 47.71552199959808, "hard": 47.232698886460774, "planeta": 46.7350969007935, "mal": 44.885986858425774, "do": 44.191219020031006, "ria": 42.37298699986421, "ma": 39.72716017909112, "rocky": 38.04992773080377, "patch": 33.7990401416921, "dura": 33.28842980014677, "ace": 31.840601322519728, "grade": 30.939784290141887, "nova": 30.085805041550863, "meio": 30.085805041550863, "favor": 28.179395328909205, "hist": 26.509580338907696, "mobile": 24.86558750482395, "campo": 24.295582630534028, "fico": 24.202935002050285, "tale": 22.239412223495194, "boa": 21.64613575208107, "din": 20.68824272863982, "agora": 20.187976056415344, "top": 18.578671539476133, "zero": 18.008633574424056, "wind": 17.486138160177255, "duo": 16.990437933830407, "real": 16.97733040261104, "ante": 16.387934320812725, "rie": 15.813185567983057, "bora": 14.299772939719888, "tempo": 13.05581335772017, "era": 12.688789199392392, "forum": 12.475280982986572, "continue": 10.829353461846969, "sabe": 10.651046710675764, "fake": 9.077099264203838, "tech": 8.809115427880222, "pro": 8.568768853800972, "clip": 8.10617350824907, "ben": 7.526779173618583, "hora": 7.26205534419497, "society": 7.054593311847148, "official": 6.704156843527635, "prepare": 6.277488032972057, "mau": 6.01245127204303, "da": 5.963194031793437, "barcelona": 4.977220392971632, "para": 4.255467066791354, "solo": 3.66721838047506, "fly": 3.070603027045248, "serve": 2.8689291889149, "league": 2.4471136993609077, "pop": 2.022965937313514, "cup": 1.9300778716560127, "job": 1.4828211257594224, "bar": 1.4105292624559753, "help": 1.4100726303268818, "come": 1.1996751079473869, "link": 0.9449630162842944, "dan": 0.6239817861309676, "chance": 0.5228609790544633, "go": 0.40914022661715976, "great": 0.2509010475487683, "part": 0.08223110167353773, "twitter": 0.05370462838845281, "family": 0.0016831368956140443}}