{"username": "cocielo", "words": {"video": 48, "like": 40, "copa": 31, "mano": 24, "par": 16, "cirrose": 15, "rio": 12, "canal": 12, "bom": 9, "ser": 8, "do": 7, "ado": 7, "para": 5, "sou": 5, "hit": 5, "super": 5, "ma": 4, "dar": 4, "mar": 4, "ria": 3, "vei": 3, "help": 3, "julio": 3, "dele": 3, "mim": 3, "top": 3, "guitar": 3, "hero": 3, "sal": 3, "funk": 3, "hist": 2, "fez": 2, "era": 2, "rage": 2, "sair": 2, "alto": 2, "ante": 2, "fig": 2, "lan": 2, "beer": 2, "pong": 2, "parado": 2, "bail": 2, "pe": 2, "bola": 2, "dan": 2, "hiper": 2, "hard": 2, "mist": 2, "real": 2, "favor": 2, "agora": 2, "continue": 2, "official": 2, "cole": 2, "boa": 2, "bra": 2, "improvisator": 1, "mau": 1, "nome": 1, "patch": 1, "bater": 1, "tale": 1, "wind": 1, "mobile": 1, "sabe": 1, "da": 1, "revers": 1, "campo": 1, "society": 1, "alco": 1, "gal": 1, "prepare": 1, "job": 1, "simulator": 1, "chance": 1, "vier": 1, "nova": 1, "apar": 1, "sonic": 1, "soldado": 1, "ben": 1, "tech": 1, "pop": 1, "mudar": 1, "pica": 1, "cod": 1, "family": 1, "friendly": 1, "barcelona": 1, "part": 1, "bar": 1, "bora": 1, "pinto": 1, "clip": 1, "tempo": 1, "fake": 1, "come": 1, "es": 1, "fod": 1, "dole": 1, "passado": 1, "mermaid": 1, "go": 1, "fico": 1, "mal": 1, "moral": 1, "nostalgia": 1, "caramba": 1, "rie": 1, "sud": 1, "zero": 1, "dura": 1, "salvo": 1, "rind": 1, "origin": 1, "grade": 1, "poha": 1, "duo": 1, "planeta": 1, "forum": 1, "especial": 1, "fly": 1, "cup": 1, "canso": 1, "great": 1, "tao": 1, "ester": 1, "solo": 1, "league": 1, "sla": 1, "replay": 1, "sexual": 1, "victor": 1, "dinheiro": 1, "rocky": 1, "balboa": 1, "link": 1, "tapa": 1, "din": 1, "cone": 1, "meio": 1, "valor": 1, "serve": 1, "memo": 1, "hora": 1, "pro": 1, "ace": 1, "twitter": 1, "gola": 1}, "emojis": {}, "interests": {"cirrose": 80128.42117428855, "copa": 9897.82045481042, "mano": 8119.455639648104, "improvisator": 5698.154370445189, "like": 4263.3430358570085, "vei": 3414.0951485145624, "hiper": 2846.0785009764745, "canal": 2448.414280428891, "revers": 1898.0519246386648, "rind": 1898.0519246386648, "par": 1525.5170751391308, "dole": 1423.0392504882373, "poha": 1423.0392504882373, "ado": 1244.181088456997, "apar": 1138.0317161715209, "ester": 1138.0317161715209, "sla": 948.0267517716605, "parado": 908.0290570480813, "video": 895.1978885791335, "fig": 872.9513605126315, "alco": 710.5206778472227, "vier": 710.5206778472227, "pong": 708.5248882596395, "soldado": 473.01495479048657, "fod": 473.01495479048657, "bom": 431.7541625762713, "sal": 333.77078028034305, "funk": 308.7610359330136, "rio": 306.879499135065, "tapa": 298.0114487700758, "julio": 295.80269290227767, "mist": 277.50330619184905, "canso": 269.43959815902355, "sou": 259.47627308033356, "caramba": 257.1017774997761, "balboa": 245.83682606601553, "guitar": 231.5443185038897, "es": 217.2412610882465, "salvo": 217.2412610882465, "pe": 209.1086478710466, "gola": 188.01040284923218, "dele": 186.90902538587213, "nome": 181.88138022393088, "sair": 176.9793806972938, "sexual": 152.0647125392687, "moral": 148.01072424978275, "mim": 141.47883188550836, "sud": 137.0353438857161, "mar": 130.51085691698958, "rage": 127.82582277319581, "alto": 122.00201198026546, "cod": 119.28812188058569, "bail": 116.03657864239752, "sonic": 114.33827370789515, "friendly": 109.77667644033335, "mermaid": 107.62747246430045, "beer": 106.71874510161918, "dar": 105.5769531942958, "bola": 100.62822980901787, "simulator": 98.01270490512724, "ser": 86.27629368968657, "bra": 83.4044732160487, "pica": 81.83772648730829, "cone": 77.18143950129657, "gal": 72.04148496509251, "memo": 69.26596214569751, "mudar": 66.69111757600955, "passado": 65.87371495549831, "nostalgia": 64.29595004384996, "tao": 62.78991766762657, "fez": 61.20602121930225, "cole": 52.23038077403673, "super": 49.165855974093496, "bater": 47.58673311032011, "origin": 47.58673311032011, "replay": 44.36429539624829, "lan": 43.193622339203166, "especial": 42.90538399676565, "victor": 41.870146362216346, "pinto": 41.53560927727601, "hero": 39.960611172771024, "hit": 38.18469934578717, "valor": 38.1668425575831, "hard": 36.383070789256855, "dinheiro": 36.282208066648806, "planeta": 35.28275115047265, "mal": 32.16195730343376, "do": 31.40548482286711, "ria": 30.941528164978912, "patch": 29.180487973974557, "grade": 29.011378714459514, "rocky": 29.011378714459514, "ma": 28.520422059445014, "mobile": 25.57329159458876, "dura": 25.051965334020082, "nova": 22.931677386793726, "meio": 22.610330804272746, "ace": 22.400684833077463, "favor": 20.94467825138659, "hist": 19.50877531025356, "fico": 18.406815031807206, "campo": 18.26278509416383, "tale": 16.68163764397138, "boa": 15.594589783288683, "din": 15.22738318003196, "agora": 14.2743178307431, "zero": 13.429382980202655, "top": 13.1971676342699, "wind": 13.06707063961065, "duo": 12.320559027807318, "real": 12.064776431045063, "ante": 11.768511420420031, "rie": 11.613416309127798, "bora": 10.60763381967467, "tempo": 9.602302776320158, "forum": 9.28802705792511, "era": 8.880735733806677, "sabe": 7.813634176341233, "continue": 7.66894177989745, "fake": 6.55077404492256, "tech": 6.477643239564712, "pro": 6.075791921732963, "clip": 5.884255710210016, "ben": 5.389995580453959, "hora": 5.17932882031349, "society": 5.120262375250331, "official": 4.513385853580559, "prepare": 4.498264748141111, "da": 4.17913217127482, "mau": 4.160690583612989, "barcelona": 3.4486151235022766, "solo": 2.488927774122134, "para": 2.0484776672451837, "fly": 2.003068671505929, "come": 1.9341064713307412, "serve": 1.8869873745142949, "league": 1.5474875516657525, "pop": 1.233922528172052, "cup": 1.155667146119744, "job": 0.8525594390056028, "go": 0.8198035402982994, "bar": 0.7871992160271029, "help": 0.5816931603385833, "link": 0.49220059830796675, "chance": 0.21706100724287866, "dan": 0.16792937491797927, "great": 0.05647198945303626, "family": 0.04804538486163584, "part": 0.0013840545364055907, "twitter": 0.0004546605437547078}}