{"username": "salman_alodah", "words": {"bin": 3, "abu": 3, "moon": 3, "change": 2, "lam": 2, "soso": 2, "open": 2, "teach": 2, "lama": 2, "mode": 2, "hay": 2, "sleep": 2, "video": 1, "boody": 1, "ask": 1, "faith": 1, "abir": 1, "perfect": 1, "run": 1, "screamer": 1, "non": 1, "weam": 1, "nobody": 1, "sultan": 1, "belga": 1, "ana": 1, "professor": 1, "strange": 1, "yas": 1, "momo": 1, "hafiz": 1, "land": 1, "hasan": 1, "bra": 1, "koko": 1, "lamia": 1, "reverse": 1, "sha": 1, "dad": 1, "bay": 1, "man": 1, "sarra": 1, "bander": 1, "rory": 1, "bad": 1, "ben": 1, "sense": 1, "painter": 1, "mother": 1, "everything": 1, "live": 1, "sun": 1, "set": 1, "ara": 1, "tan": 1, "dan": 1, "biz": 1, "go": 1, "everyone": 1, "heart": 1, "wisdom": 1, "news": 1}, "emojis": {}, "interests": {"boody": 1.0, "abir": 0.5, "weam": 0.5, "sarra": 0.5, "soso": 0.3333333333333333, "hafiz": 0.3333333333333333, "bander": 0.3333333333333333, "lamia": 0.25, "belga": 0.09090909090909091, "screamer": 0.08333333333333333, "sha": 0.02702702702702703, "momo": 0.02631578947368421, "painter": 0.021739130434782608, "hasan": 0.01818181818181818, "lam": 0.015873015873015872, "rory": 0.015625, "strange": 0.011111111111111112, "yas": 0.01098901098901099, "bin": 0.010676156583629894, "sultan": 0.009433962264150943, "koko": 0.008695652173913044, "abu": 0.007009345794392523, "ara": 0.006944444444444444, "lama": 0.005780346820809248, "biz": 0.005025125628140704, "reverse": 0.004424778761061947, "bra": 0.003861003861003861, "professor": 0.003134796238244514, "mode": 0.0030441400304414, "wisdom": 0.0029585798816568047, "bay": 0.002932551319648094, "non": 0.002857142857142857, "moon": 0.0020093770931011385, "teach": 0.0019455252918287938, "bad": 0.0017825311942959, "sleep": 0.0015910898965791568, "nobody": 0.001394700139470014, "hay": 0.0013937282229965157, "faith": 0.00130718954248366, "ben": 0.0012755102040816326, "perfect": 0.0011750881316098707, "sense": 0.0011148272017837235, "tan": 0.0010649627263045794, "sun": 0.0009285051067780873, "open": 0.0008900756564307966, "dad": 0.0008058017727639, "mother": 0.0006510416666666666, "ana": 0.0006422607578676942, "land": 0.000585480093676815, "ask": 0.0004761904761904762, "change": 0.00045034902049088043, "everything": 0.0002541942043721403, "run": 0.0002532286654849329, "heart": 0.00021482277121374866, "set": 0.00020275750202757503, "news": 0.0001760253476500616, "everyone": 0.00012473493825620557, "dan": 0.00011721955222131051, "man": 0.00011719207781553967, "video": 7.474958887726118e-05, "go": 7.247952453431905e-05, "live": 7.144388083160678e-05}}