{"username": "salman_alodah", "words": {"bin": 3, "abu": 3, "moon": 3, "change": 2, "lam": 2, "soso": 2, "open": 2, "teach": 2, "lama": 2, "mode": 2, "hay": 2, "sleep": 2, "video": 1, "boody": 1, "ask": 1, "faith": 1, "abir": 1, "perfect": 1, "run": 1, "screamer": 1, "non": 1, "weam": 1, "nobody": 1, "sultan": 1, "belga": 1, "ana": 1, "professor": 1, "strange": 1, "yas": 1, "momo": 1, "hafiz": 1, "land": 1, "hasan": 1, "bra": 1, "koko": 1, "lamia": 1, "reverse": 1, "sha": 1, "dad": 1, "bay": 1, "man": 1, "sarra": 1, "bander": 1, "rory": 1, "bad": 1, "ben": 1, "sense": 1, "painter": 1, "mother": 1, "everything": 1, "live": 1, "sun": 1, "set": 1, "ara": 1, "tan": 1, "dan": 1, "biz": 1, "go": 1, "everyone": 1, "heart": 1, "wisdom": 1, "news": 1}, "emojis": {}, "interests": {"boody": 1.0, "abir": 0.5, "weam": 0.5, "sarra": 0.5, "soso": 0.3333333333333333, "hafiz": 0.3333333333333333, "bander": 0.3333333333333333, "lamia": 0.25, "belga": 0.09090909090909091, "screamer": 0.08333333333333333, "sha": 0.029411764705882353, "momo": 0.02702702702702703, "painter": 0.021739130434782608, "hasan": 0.01818181818181818, "lam": 0.016260162601626018, "rory": 0.015625, "yas": 0.011235955056179775, "bin": 0.010714285714285714, "strange": 0.010101010101010102, "sultan": 0.009433962264150943, "koko": 0.008695652173913044, "abu": 0.00702576112412178, "ara": 0.006993006993006993, "lama": 0.005797101449275362, "biz": 0.005050505050505051, "reverse": 0.0044444444444444444, "bra": 0.00392156862745098, "professor": 0.003134796238244514, "wisdom": 0.0029411764705882353, "bay": 0.002932551319648094, "non": 0.0028735632183908046, "mode": 0.002688172043010753, "moon": 0.002008032128514056, "teach": 0.0019398642095053346, "bad": 0.0017793594306049821, "sleep": 0.0015710919088766694, "nobody": 0.0013966480446927375, "hay": 0.0013956734124214933, "faith": 0.0012953367875647669, "ben": 0.001272264631043257, "perfect": 0.001176470588235294, "sense": 0.0011148272017837235, "tan": 0.0010660980810234541, "sun": 0.0009345794392523365, "open": 0.000888494002665482, "dad": 0.0008084074373484236, "mother": 0.0006510416666666666, "ana": 0.0006443298969072165, "land": 0.0005865102639296188, "ask": 0.00047505938242280285, "change": 0.00044682752457551384, "everything": 0.0002533569799847986, "run": 0.00025316455696202533, "heart": 0.0002144082332761578, "set": 0.00020242914979757084, "news": 0.00017540782318891423, "everyone": 0.00012425447316103378, "dan": 0.00011721955222131051, "man": 0.00011706860220088972, "video": 7.473841554559044e-05, "go": 7.198387561186294e-05, "live": 7.14643035803616e-05}}