{"username": "salman_alodah", "words": {"bin": 3, "abu": 3, "moon": 3, "change": 2, "lam": 2, "soso": 2, "open": 2, "teach": 2, "lama": 2, "mode": 2, "hay": 2, "sleep": 2, "video": 1, "boody": 1, "ask": 1, "faith": 1, "abir": 1, "perfect": 1, "run": 1, "screamer": 1, "non": 1, "weam": 1, "nobody": 1, "sultan": 1, "belga": 1, "ana": 1, "professor": 1, "strange": 1, "yas": 1, "momo": 1, "hafiz": 1, "land": 1, "hasan": 1, "bra": 1, "koko": 1, "lamia": 1, "reverse": 1, "sha": 1, "dad": 1, "bay": 1, "man": 1, "sarra": 1, "bander": 1, "rory": 1, "bad": 1, "ben": 1, "sense": 1, "painter": 1, "mother": 1, "everything": 1, "live": 1, "sun": 1, "set": 1, "ara": 1, "tan": 1, "dan": 1, "biz": 1, "go": 1, "everyone": 1, "heart": 1, "wisdom": 1, "news": 1}, "emojis": {}, "interests": {"boody": 42406.24677682707, "soso": 28268.164643646418, "abir": 21202.123423784014, "weam": 21202.123423784014, "sarra": 21202.123423784014, "hafiz": 14134.082321823209, "bander": 14134.082321823209, "lamia": 10600.061782632965, "belga": 3853.2954187695814, "screamer": 3532.0208457343947, "lam": 1375.1328760946174, "bin": 1357.1288195580537, "sha": 1245.3021768263495, "momo": 1144.1697036406458, "painter": 919.9194923739658, "abu": 887.8607029397215, "hasan": 769.060328794776, "rory": 660.6303646599166, "lama": 487.69795263911124, "yas": 474.4992531792814, "strange": 426.3684632722863, "sultan": 398.080299072779, "koko": 366.77007480843207, "ara": 294.56453809228265, "moon": 249.50659498046966, "mode": 224.0188703879287, "biz": 212.18773331356135, "reverse": 186.48640225294238, "bra": 164.3128629941575, "teach": 160.5567914382014, "professor": 130.94873451448433, "sleep": 129.28452443382957, "wisdom": 122.73815481811613, "bay": 122.37240086908196, "non": 119.8709839776925, "hay": 114.40991551941059, "bad": 73.47276593526736, "open": 71.41202510641173, "nobody": 57.24627841539823, "faith": 52.951166122115225, "ben": 51.9730465396919, "perfect": 47.91209827523685, "sense": 45.29901860690067, "tan": 43.23346882272229, "sun": 37.65910641199034, "change": 34.003889345932315, "dad": 32.312310935223564, "mother": 25.645755017111746, "ana": 25.36149791411103, "land": 22.91307644046999, "ask": 18.19607208438778, "everything": 8.83749684418617, "run": 8.829407262113339, "heart": 7.202655871984757, "set": 6.701152112077839, "news": 5.573169648656019, "everyone": 3.4591887678490583, "dan": 3.172239398976486, "man": 3.16609725677553, "video": 1.4850298408290528, "go": 1.3802877551167725, "live": 1.3606352284495202}}