{"username": "salman_alodah", "words": {"bin": 3, "abu": 3, "moon": 3, "change": 2, "lam": 2, "soso": 2, "open": 2, "teach": 2, "lama": 2, "mode": 2, "hay": 2, "sleep": 2, "video": 1, "boody": 1, "ask": 1, "faith": 1, "abir": 1, "perfect": 1, "run": 1, "screamer": 1, "non": 1, "weam": 1, "nobody": 1, "sultan": 1, "belga": 1, "ana": 1, "professor": 1, "strange": 1, "yas": 1, "momo": 1, "hafiz": 1, "land": 1, "hasan": 1, "bra": 1, "koko": 1, "lamia": 1, "reverse": 1, "sha": 1, "dad": 1, "bay": 1, "man": 1, "sarra": 1, "bander": 1, "rory": 1, "bad": 1, "ben": 1, "sense": 1, "painter": 1, "mother": 1, "everything": 1, "live": 1, "sun": 1, "set": 1, "ara": 1, "tan": 1, "dan": 1, "biz": 1, "go": 1, "everyone": 1, "heart": 1, "wisdom": 1, "news": 1}, "emojis": {}, "interests": {"boody": 10583.519574988157, "soso": 7053.013553825039, "abir": 5290.75992919709, "weam": 5290.75992919709, "sarra": 5290.75992919709, "hafiz": 3526.5067769125194, "bander": 3526.5067769125194, "lamia": 2644.38024800457, "belga": 960.3209919299236, "screamer": 880.1277570007238, "bin": 333.06453617695956, "lam": 332.0601405298648, "sha": 284.09861643609776, "momo": 276.56989192858543, "painter": 228.12433426599733, "abu": 216.6331319496378, "hasan": 190.46918633202716, "rory": 163.4047878783198, "lama": 118.40863391323624, "strange": 115.62538529763728, "yas": 114.33298654524766, "sultan": 97.87340500521037, "koko": 90.0588593804084, "ara": 71.5241554372586, "mode": 60.50967310683855, "moon": 57.95194282003903, "biz": 51.212364495075285, "reverse": 44.85993169277052, "bra": 38.89519897185425, "teach": 37.28590555094154, "professor": 31.213582154736223, "sleep": 29.777091133810547, "wisdom": 29.350035384116726, "bay": 29.074792939948747, "non": 28.27740540917896, "hay": 25.64223705885007, "bad": 16.922015608553796, "open": 15.056097513397447, "nobody": 12.831359535851167, "faith": 11.909548903102445, "ben": 11.576001554143687, "perfect": 10.519311150947805, "sense": 9.885763463411031, "tan": 9.361889771192606, "sun": 7.930451658585979, "dad": 6.647065988761679, "change": 5.953892044758164, "mother": 5.036718130000774, "ana": 4.945751491028554, "land": 4.358963434051137, "ask": 3.2391077797490717, "everything": 1.0618281322455196, "run": 1.053613769273997, "heart": 0.7137623118821946, "set": 0.6122129928620286, "news": 0.39999628955218086, "live": 0.07854863692799892, "everyone": 0.07738885314494444, "go": 0.0706565925005437, "video": 0.0551711699922506, "dan": 0.04674212035525099, "man": 0.04658933121275306}}