{"username": "CalvinHarris", "words": {"lick": 1, "guitar": 1, "pedal": 1, "octave": 1, "time": 1}, "emojis": {}, "interests": {"octave": 148559.2400067312, "pedal": 26526.79289483775, "lick": 13503.56734677081, "guitar": 2425.471653781393, "time": 17.088594504646128}}