{"username": "sabqorg", "words": {"dev": 8, "housing": 8, "medium": 3, "trend": 2, "application": 1, "know": 1, "pod": 1, "wireless": 1, "apple": 1, "arcade": 1, "king": 1}, "emojis": {}, "interests": {"housing": 0.025889967637540454, "dev": 0.015968063872255488, "arcade": 0.015625, "wireless": 0.011363636363636364, "application": 0.006622516556291391, "trend": 0.004784688995215311, "pod": 0.003424657534246575, "medium": 0.001090909090909091, "apple": 0.000663129973474801, "king": 0.0005830903790087463, "know": 6.178560395427866e-05}}