{"username": "sabqorg", "words": {"dev": 8, "housing": 8, "medium": 3, "trend": 2, "application": 1, "know": 1, "pod": 1, "wireless": 1, "apple": 1, "arcade": 1, "king": 1}, "emojis": {}, "interests": {"housing": 24138.861641710973, "dev": 14881.91133896219, "arcade": 1820.2299014569114, "wireless": 1323.2584656091794, "trend": 1112.0100777150292, "application": 770.3369144522317, "pod": 401.5411582551469, "medium": 375.8366336372891, "apple": 75.34892433727747, "king": 65.97664801868602, "know": 5.296685053585813}}