{"username": "sabqorg", "words": {"play": 1, "station": 1, "think": 1, "tech": 1, "iso": 1, "knight": 1, "frank": 1, "luxury": 1, "investment": 1, "band": 1, "focus": 1, "move": 1, "proton": 1, "pursuit": 1, "android": 1, "journey": 1, "advanced": 1, "brand": 1, "finance": 1, "step": 1, "league": 1, "code": 1}, "emojis": {"sun": {"emoji": "sun", "score": 1.0}, "school": {"emoji": "school", "score": 1.0}, "food": {"emoji": "canned-food", "score": 0.8360716104507446}, "mark": {"emoji": "cross-mark", "score": 0.778653085231781}, "oil": {"emoji": "oil-drum", "score": 0.7453479766845703}, "medium": {"emoji": "white-medium-square", "score": 0.6885068416595459}, "fast": {"emoji": "fast-forward-button", "score": 0.6170511245727539}, "fly": {"emoji": "flying-saucer", "score": 0.5225327014923096}, "tire": {"emoji": "racing-car", "score": 0.4692716598510742}, "sea": {"emoji": "water-wave", "score": 0.4682421088218689}, "ame": {"emoji": "t-rex", "score": 0.4604414105415344}, "trend": {"emoji": "chart-increasing", "score": 0.392557293176651}, "pod": {"emoji": "robot", "score": 0.38354402780532837}, "stem": {"emoji": "clamp", "score": 0.38247284293174744}, "charity": {"emoji": "woman-raising-hand", "score": 0.36013543605804443}, "land": {"emoji": "water-buffalo", "score": 0.3508070707321167}, "institute": {"emoji": "woman-scientist", "score": 0.33563724160194397}, "destination": {"emoji": "hotel", "score": 0.3239555060863495}}, "interests": {"proton": 13035.027349431872, "advanced": 1915.2104146394277, "iso": 1301.7034943187564, "pursuit": 495.5984704517133, "knight": 328.8920392356506, "luxury": 315.97941983328667, "finance": 226.72414887687904, "frank": 204.9417732269238, "investment": 153.57954565869795, "tech": 73.28480528761133, "code": 55.85680684272641, "android": 53.684178021276196, "focus": 49.67160775654022, "band": 48.82649172584116, "station": 41.56681062439954, "brand": 31.01874299289163, "league": 30.15785731614635, "journey": 26.229731341443408, "step": 23.423015563349022, "move": 18.502338756952156, "play": 8.280208256725164, "think": 3.5344329230800464}}