{"username": "sabqorg", "words": {"dev": 8, "housing": 8, "medium": 3, "trend": 2, "application": 1, "know": 1, "pod": 1, "wireless": 1, "apple": 1, "arcade": 1, "king": 1}, "emojis": {}, "interests": {"housing": 6107.313272032896, "dev": 3760.6647934078965, "arcade": 459.94078086121925, "wireless": 333.95833372881935, "trend": 278.9239132194107, "application": 193.79366005800796, "pod": 99.25669681428111, "medium": 90.81302409440842, "apple": 17.65582976167899, "king": 15.29653521574994, "know": 0.3737730238869552}}