{"username": "sabqorg", "words": {"medium": 7, "pod": 6, "trend": 3, "food": 2, "oil": 2, "charity": 1, "mark": 1, "fly": 1, "institute": 1, "stem": 1, "ame": 1, "tire": 1, "fast": 1, "land": 1, "sun": 1, "sea": 1, "destination": 1, "school": 1}, "emojis": {"sun": {"emoji": "sun", "score": 1.0}, "school": {"emoji": "school", "score": 1.0}, "food": {"emoji": "canned-food", "score": 0.8360716104507446}, "mark": {"emoji": "cross-mark", "score": 0.778653085231781}, "oil": {"emoji": "oil-drum", "score": 0.7453479766845703}, "medium": {"emoji": "white-medium-square", "score": 0.6885068416595459}, "fast": {"emoji": "fast-forward-button", "score": 0.6170511245727539}, "fly": {"emoji": "flying-saucer", "score": 0.5225327014923096}, "tire": {"emoji": "racing-car", "score": 0.4692716598510742}, "sea": {"emoji": "water-wave", "score": 0.4682421088218689}, "ame": {"emoji": "t-rex", "score": 0.4604414105415344}, "trend": {"emoji": "chart-increasing", "score": 0.392557293176651}, "pod": {"emoji": "robot", "score": 0.38354402780532837}, "stem": {"emoji": "clamp", "score": 0.38247284293174744}, "charity": {"emoji": "woman-raising-hand", "score": 0.36013543605804443}, "land": {"emoji": "water-buffalo", "score": 0.3508070707321167}, "institute": {"emoji": "woman-scientist", "score": 0.33563724160194397}, "destination": {"emoji": "hotel", "score": 0.3239555060863495}}, "interests": {"pod": 6611.854433365674, "trend": 1205.1864315274381, "medium": 975.0768886589566, "ame": 630.3755148527085, "stem": 383.4139268879921, "institute": 368.0851745521992, "oil": 333.9340946375399, "destination": 284.9396751901937, "tire": 132.30541551353403, "fast": 131.20692502810067, "food": 102.5100083771681, "charity": 80.56536453591343, "sea": 46.51988554866312, "sun": 39.72341465682038, "fly": 35.267855639971046, "land": 31.380990324802656, "mark": 29.960003697991272, "school": 17.025766360770195}}