{"username": "AhlamAlShamsi", "words": {"voice": 10, "tarboosh": 8, "man": 8, "sultan": 7, "update": 7, "shab": 5, "bin": 5, "tout": 5, "enjoy": 5, "jay": 4, "space": 4, "hind": 4, "panorama": 4, "queen": 4, "concert": 4, "ticketing": 4, "box": 4, "office": 4, "dah": 3, "masha": 3, "event": 3, "time": 3, "maha": 3, "alo": 3, "news": 2, "medium": 2, "fosh": 2, "thewed": 2, "love": 2, "fashion": 2, "music": 2, "youth": 2, "world": 2, "exclusive": 2, "cest": 2, "gogo": 2, "visit": 1, "yesterday": 1, "abu": 1, "say": 1, "praise": 1, "thanks": 1, "appreciation": 1, "team": 1, "spirit": 1, "display": 1, "journey": 1, "do": 1, "arrival": 1, "presidential": 1, "men": 1, "serve": 1, "eye": 1, "ash": 1, "official": 1, "audio": 1, "rima": 1, "hamza": 1, "city": 1, "talent": 1, "mode": 1, "station": 1, "watch": 1, "confidence": 1, "entry": 1, "message": 1, "march": 1, "keep": 1, "pace": 1, "brother": 1, "astronaut": 1, "today": 1, "celebrate": 1, "king": 1, "group": 1, "celebrity": 1, "tonight": 1, "season": 1, "press": 1, "star": 1, "wow": 1, "thy": 1, "guardian": 1, "lord": 1, "give": 1, "thee": 1, "wherewith": 1, "shalt": 1, "bah": 1, "channel": 1, "aspire": 1, "change": 1, "region": 1, "gather": 1, "crowd": 1, "magazine": 1, "behind": 1, "middle": 1, "eastern": 1, "power": 1, "list": 1, "session": 1, "singer": 1, "festival": 1, "originality": 1, "sense": 1, "word": 1, "meaning": 1, "amani": 1, "philosopher": 1, "naif": 1, "dont": 1, "avo": 1, "smarty": 1, "rouge": 1, "lady": 1, "next": 1, "week": 1, "thank": 1, "mal": 1, "wail": 1, "memo": 1, "bander": 1, "sasa": 1, "sell": 1, "hala": 1, "entertain": 1, "show": 1}, "emojis": {}, "interests": {"tarboosh": 113564.34838956472, "shab": 35483.85939999937, "fosh": 28391.08709739118, "thewed": 28391.08709739118, "ticketing": 25232.077928598468, "wherewith": 14195.54354869559, "masha": 12771.789834781983, "wail": 7096.771879999875, "sultan": 6549.022847540538, "panorama": 6482.3080552773135, "dah": 4908.536112239175, "amani": 4730.514704057783, "smarty": 4730.514704057783, "bander": 4730.514704057783, "shalt": 3547.3861513040974, "gogo": 3151.0109296607093, "tout": 3103.5044063696782, "naif": 2837.5090478257744, "alo": 2601.715518736951, "avo": 2364.257668985132, "sasa": 2026.2209899374504, "bin": 1257.6575322806148, "originality": 885.347594346825, "hind": 806.2156930509525, "rima": 745.2404686944632, "thy": 707.8785826074441, "voice": 674.4004438073932, "jay": 586.688413005915, "update": 510.34337677158237, "maha": 487.36917426950635, "philosopher": 471.2535623169632, "hamza": 313.5041357459762, "thee": 276.386797626817, "bah": 216.42832407619994, "box": 199.9092776029484, "queen": 183.29638322531937, "memo": 175.47492825586323, "concert": 155.4054482053915, "cest": 145.08241020324854, "guardian": 131.94655549787853, "aspire": 128.26036984559212, "office": 118.81937124452121, "rouge": 115.34359266939522, "astronaut": 97.99270228137708, "eastern": 93.29602147302178, "enjoy": 93.00488747449418, "man": 90.97519383842011, "mal": 87.86899880133981, "arrival": 86.19483985489912, "gather": 85.65056769786004, "hala": 81.52693553923368, "space": 69.76202048587633, "behind": 69.3584560985365, "entertain": 68.29909651770772, "presidential": 64.67013629612158, "youth": 60.5962710911755, "exclusive": 51.85772799984625, "event": 51.20147524802168, "appreciation": 51.19312621354705, "praise": 50.40854713850395, "pace": 50.216009266865974, "entry": 47.14680365575247, "meaning": 46.31167201946038, "audio": 44.72385780706293, "celebrity": 35.78590759904197, "abu": 31.27959196798397, "fashion": 31.126682793473453, "display": 28.049263779573742, "singer": 26.544199940897794, "confidence": 23.75906742607388, "ash": 23.574311845093447, "dont": 22.519375375998, "region": 20.942933201032687, "middle": 19.655930829112553, "magazine": 18.131188405421454, "mode": 17.13512316054731, "medium": 16.8521095535621, "crowd": 15.414025721107558, "lord": 14.569345345575346, "sense": 13.890987611938908, "talent": 12.239780657594324, "next": 11.294961114880618, "eye": 9.90602713477631, "spirit": 9.321263250564362, "march": 8.370527091518646, "press": 8.254078238072735, "festival": 8.063557881839344, "station": 7.142239587431683, "session": 7.142239587431683, "serve": 7.035721902458973, "word": 6.809167771819963, "sell": 6.762148011421971, "channel": 6.639279104470268, "king": 6.394492715154126, "news": 6.36298912349582, "lady": 5.66462275137305, "list": 5.645049387131619, "journey": 5.6372495295460165, "group": 4.975459025010349, "music": 4.799324790291489, "message": 4.663266670125538, "yesterday": 4.487696837285461, "brother": 4.1846139523078225, "men": 3.2817337806798106, "official": 3.1473742909790086, "celebrate": 2.850917348384809, "wow": 2.782781519849853, "visit": 2.4187025632697767, "star": 1.8426051468381783, "power": 1.7171735015580654, "city": 1.491027421857087, "change": 1.4871924105749532, "thank": 0.8338624425914893, "world": 0.7673115481418815, "do": 0.6893176526998097, "time": 0.6458636009332261, "season": 0.6142260484613555, "today": 0.28071638463358806, "keep": 0.27780422411456823, "give": 0.17354872282074943, "week": 0.15416622741278005, "watch": 0.13629164254601667, "team": 0.06472001221736892, "love": 0.04742111647422788, "show": 0.01486081807672936, "thanks": 0.013097418240318138, "tonight": 0.0014617977788750718, "say": 0.0004619841050988538}}