{"username": "AhlamAlShamsi", "words": {"voice": 10, "tarboosh": 8, "man": 8, "sultan": 7, "update": 7, "shab": 5, "bin": 5, "tout": 5, "enjoy": 5, "jay": 4, "space": 4, "hind": 4, "panorama": 4, "queen": 4, "concert": 4, "ticketing": 4, "box": 4, "office": 4, "dah": 3, "masha": 3, "event": 3, "time": 3, "maha": 3, "alo": 3, "news": 2, "medium": 2, "fosh": 2, "thewed": 2, "love": 2, "fashion": 2, "music": 2, "youth": 2, "world": 2, "exclusive": 2, "cest": 2, "gogo": 2, "visit": 1, "yesterday": 1, "abu": 1, "say": 1, "praise": 1, "thanks": 1, "appreciation": 1, "team": 1, "spirit": 1, "display": 1, "journey": 1, "do": 1, "arrival": 1, "presidential": 1, "men": 1, "serve": 1, "eye": 1, "ash": 1, "official": 1, "audio": 1, "rima": 1, "hamza": 1, "city": 1, "talent": 1, "mode": 1, "station": 1, "watch": 1, "confidence": 1, "entry": 1, "message": 1, "march": 1, "keep": 1, "pace": 1, "brother": 1, "astronaut": 1, "today": 1, "celebrate": 1, "king": 1, "group": 1, "celebrity": 1, "tonight": 1, "season": 1, "press": 1, "star": 1, "wow": 1, "thy": 1, "guardian": 1, "lord": 1, "give": 1, "thee": 1, "wherewith": 1, "shalt": 1, "bah": 1, "channel": 1, "aspire": 1, "change": 1, "region": 1, "gather": 1, "crowd": 1, "magazine": 1, "behind": 1, "middle": 1, "eastern": 1, "power": 1, "list": 1, "session": 1, "singer": 1, "festival": 1, "originality": 1, "sense": 1, "word": 1, "meaning": 1, "amani": 1, "philosopher": 1, "naif": 1, "dont": 1, "avo": 1, "smarty": 1, "rouge": 1, "lady": 1, "next": 1, "week": 1, "thank": 1, "mal": 1, "wail": 1, "memo": 1, "bander": 1, "sasa": 1, "sell": 1, "hala": 1, "entertain": 1, "show": 1}, "emojis": {}, "interests": {"tarboosh": 109189.63536865904, "shab": 34116.76160212816, "fosh": 27297.40884216476, "thewed": 27297.40884216476, "ticketing": 21833.127689084675, "wherewith": 13648.70442108238, "masha": 11162.758908586027, "wail": 6823.35232042563, "sultan": 6296.239020294232, "panorama": 6232.324551547901, "amani": 4548.235002377575, "smarty": 4548.235002377575, "bander": 4548.235002377575, "dah": 3504.183681982684, "shalt": 3410.6763799816945, "gogo": 3029.4911736857407, "tout": 2957.5528479141717, "naif": 2728.1412358466832, "sasa": 1948.1011339120648, "alo": 1855.4645187098172, "bin": 1183.2643383475881, "originality": 851.1701938398215, "avo": 851.1701938398215, "hind": 774.8565301374045, "rima": 680.5366825171683, "voice": 655.925420673938, "jay": 544.9688591857288, "update": 536.1585805106467, "thy": 503.5836204319935, "maha": 470.2062610943214, "philosopher": 453.0256759496654, "hamza": 301.35228204044006, "thee": 265.6646056361702, "box": 192.2735702466873, "bah": 177.62009837073123, "queen": 176.71157306992586, "memo": 168.63966485128157, "concert": 150.9452870869353, "cest": 139.3423919897128, "aspire": 134.51436910758022, "guardian": 130.5386555712677, "office": 116.08553023628967, "rouge": 111.7646603204006, "astronaut": 94.1421231529721, "eastern": 90.8727030140524, "enjoy": 88.82889020663448, "man": 87.12877242840624, "gather": 83.86513421493275, "arrival": 82.79877779007424, "mal": 79.26649960384033, "hala": 78.31071443940809, "behind": 71.01211789915918, "space": 67.1145994268151, "entertain": 65.92867649416613, "presidential": 62.40564518239325, "youth": 59.11519213385965, "exclusive": 50.7853516556614, "event": 49.95437989913527, "appreciation": 49.53150479628524, "praise": 48.95509667100151, "pace": 48.20633875522686, "meaning": 47.84016108501412, "entry": 46.427411281156004, "audio": 43.524324714044965, "celebrity": 34.42934937081707, "fashion": 29.948977535345623, "abu": 29.412796022771495, "display": 27.140336621179504, "singer": 25.44753454129159, "confidence": 23.087088620755672, "ash": 22.33067955247944, "dont": 21.41727542150246, "region": 20.062683978918727, "middle": 19.17844484686743, "mode": 18.9524371983926, "magazine": 17.386994223201423, "medium": 16.259218983233318, "lord": 15.31547334842932, "crowd": 15.037386054536018, "sense": 13.472020592503032, "talent": 11.737551753442778, "next": 10.800602462825802, "eye": 9.482338958966901, "spirit": 9.03818648199549, "march": 8.240285249855244, "press": 8.10051084594231, "festival": 7.683831865397769, "session": 6.848155598945834, "station": 6.8371408897907715, "serve": 6.809728525425707, "word": 6.72854298990141, "sell": 6.622688093769142, "channel": 6.408876762628408, "news": 6.179122997770204, "king": 6.149714391421518, "list": 5.889349205643003, "lady": 5.421542884600189, "journey": 5.372312181072526, "group": 4.818594785965546, "music": 4.535730601944785, "message": 4.5239944906597405, "yesterday": 4.32240108462714, "brother": 3.89595646770772, "men": 3.1809867976459056, "official": 3.017874703220866, "celebrate": 2.7498934550192065, "wow": 2.5294630835212364, "visit": 2.3054463579063564, "star": 1.742033822291561, "power": 1.6748426393095461, "change": 1.4522289312809211, "city": 1.392948584150301, "thank": 0.8919594875774665, "world": 0.6996116828113148, "do": 0.6304620277684003, "time": 0.5732218113258135, "season": 0.5515399993417036, "today": 0.309854696011959, "keep": 0.25570170062012904, "watch": 0.15963150989575325, "give": 0.15905440930378958, "week": 0.1459118094061699, "love": 0.06560270710693177, "team": 0.05051935534130367, "show": 0.025729937570460236, "thanks": 0.015933741089660093, "say": 0.0031139359129623784, "tonight": 0.00012991069567234333}}