{"username": "AhlamAlShamsi", "words": {"voice": 10, "tarboosh": 8, "man": 8, "sultan": 7, "update": 7, "shab": 5, "bin": 5, "tout": 5, "enjoy": 5, "jay": 4, "space": 4, "hind": 4, "panorama": 4, "queen": 4, "concert": 4, "ticketing": 4, "box": 4, "office": 4, "dah": 3, "masha": 3, "event": 3, "time": 3, "maha": 3, "alo": 3, "news": 2, "medium": 2, "fosh": 2, "thewed": 2, "love": 2, "fashion": 2, "music": 2, "youth": 2, "world": 2, "exclusive": 2, "cest": 2, "gogo": 2, "visit": 1, "yesterday": 1, "abu": 1, "say": 1, "praise": 1, "thanks": 1, "appreciation": 1, "team": 1, "spirit": 1, "display": 1, "journey": 1, "do": 1, "arrival": 1, "presidential": 1, "men": 1, "serve": 1, "eye": 1, "ash": 1, "official": 1, "audio": 1, "rima": 1, "hamza": 1, "city": 1, "talent": 1, "mode": 1, "station": 1, "watch": 1, "confidence": 1, "entry": 1, "message": 1, "march": 1, "keep": 1, "pace": 1, "brother": 1, "astronaut": 1, "today": 1, "celebrate": 1, "king": 1, "group": 1, "celebrity": 1, "tonight": 1, "season": 1, "press": 1, "star": 1, "wow": 1, "thy": 1, "guardian": 1, "lord": 1, "give": 1, "thee": 1, "wherewith": 1, "shalt": 1, "bah": 1, "channel": 1, "aspire": 1, "change": 1, "region": 1, "gather": 1, "crowd": 1, "magazine": 1, "behind": 1, "middle": 1, "eastern": 1, "power": 1, "list": 1, "session": 1, "singer": 1, "festival": 1, "originality": 1, "sense": 1, "word": 1, "meaning": 1, "amani": 1, "philosopher": 1, "naif": 1, "dont": 1, "avo": 1, "smarty": 1, "rouge": 1, "lady": 1, "next": 1, "week": 1, "thank": 1, "mal": 1, "wail": 1, "memo": 1, "bander": 1, "sasa": 1, "sell": 1, "hala": 1, "entertain": 1, "show": 1}, "emojis": {}, "interests": {"tarboosh": 1.0, "fosh": 1.0, "thewed": 1.0, "wherewith": 1.0, "shab": 0.5, "wail": 0.5, "ticketing": 0.4444444444444444, "amani": 0.3333333333333333, "smarty": 0.3333333333333333, "bander": 0.3333333333333333, "masha": 0.3, "shalt": 0.25, "naif": 0.2, "avo": 0.16666666666666666, "sasa": 0.14285714285714285, "dah": 0.11538461538461539, "panorama": 0.11428571428571428, "gogo": 0.1111111111111111, "sultan": 0.0660377358490566, "originality": 0.0625, "alo": 0.061224489795918366, "rima": 0.05263157894736842, "thy": 0.05, "tout": 0.043859649122807015, "philosopher": 0.03333333333333333, "hamza": 0.022222222222222223, "thee": 0.0196078431372549, "bin": 0.017857142857142856, "bah": 0.015384615384615385, "hind": 0.014336917562724014, "memo": 0.0125, "maha": 0.011583011583011582, "jay": 0.010471204188481676, "guardian": 0.009433962264150943, "aspire": 0.009174311926605505, "rouge": 0.008264462809917356, "astronaut": 0.007042253521126761, "eastern": 0.006711409395973154, "mal": 0.006329113924050633, "arrival": 0.006211180124223602, "gather": 0.006172839506172839, "hala": 0.0058823529411764705, "update": 0.0052750565184626974, "cest": 0.005249343832020997, "behind": 0.005025125628140704, "entertain": 0.0049504950495049506, "voice": 0.004889975550122249, "presidential": 0.004694835680751174, "appreciation": 0.003745318352059925, "praise": 0.0036900369003690036, "pace": 0.003676470588235294, "box": 0.0036596523330283625, "entry": 0.0034602076124567475, "meaning": 0.003401360544217687, "queen": 0.003367003367003367, "audio": 0.003289473684210526, "concert": 0.002875629043853343, "celebrity": 0.0026595744680851063, "abu": 0.00234192037470726, "youth": 0.0022727272727272726, "office": 0.002230897936419409, "display": 0.0021141649048625794, "singer": 0.002008032128514056, "exclusive": 0.0019646365422396855, "confidence": 0.0018115942028985507, "ash": 0.0017985611510791368, "dont": 0.0017241379310344827, "region": 0.0016129032258064516, "middle": 0.0015220700152207, "enjoy": 0.0014475969889982628, "magazine": 0.0014144271570014145, "space": 0.0013656538067599864, "mode": 0.0013440860215053765, "event": 0.0013392857142857143, "fashion": 0.0012330456226880395, "crowd": 0.0012224938875305623, "lord": 0.0011627906976744186, "sense": 0.0011148272017837235, "talent": 0.000998003992015968, "man": 0.0009365488176071178, "next": 0.000931098696461825, "eye": 0.0008326394671107411, "spirit": 0.0007911392405063291, "medium": 0.0007275372862859222, "march": 0.000723589001447178, "press": 0.000715307582260372, "festival": 0.0007017543859649122, "station": 0.0006361323155216285, "session": 0.0006361323155216285, "serve": 0.0006285355122564425, "word": 0.000612369871402327, "sell": 0.0006090133982947625, "channel": 0.0006002400960384153, "king": 0.0005827505827505828, "lady": 0.0005305039787798408, "list": 0.0005291005291005291, "journey": 0.0005285412262156448, "group": 0.000481000481000481, "message": 0.0004585052728106373, "yesterday": 0.00044583147570218456, "brother": 0.000423908435777872, "men": 0.00035816618911174784, "news": 0.00035081564637782847, "official": 0.00034831069313827936, "celebrate": 0.000326477309826967, "wow": 0.0003214400514304082, "visit": 0.00029437739181630853, "music": 0.00029295444558371175, "star": 0.0002508780732563974, "power": 0.00024125452352231604, "city": 0.00022371364653243848, "change": 0.00022341376228775692, "do": 0.00015802781289506955, "season": 0.00015135462388375965, "world": 0.00012961762799740766, "keep": 0.00011860989206499822, "time": 0.00011156563778356266, "give": 0.00010651896037494674, "week": 0.00010404744563520966, "team": 9.077705156136529e-05, "tonight": 7.317965605561654e-05, "say": 6.893699158968702e-05, "thanks": 6.282196255811031e-05, "show": 6.23558022073954e-05, "love": 6.0391943714708455e-05, "watch": 4.879238838741156e-05, "today": 4.171533455698315e-05, "thank": 2.909598766330123e-05}}