{"username": "cnnarabic", "words": {"best": 2, "culver": 2, "fantastic": 1, "four": 1, "blob": 1, "underground": 1, "empire": 1, "state": 1, "world": 1, "fresh": 1, "prince": 1, "forever": 1}, "emojis": {}, "interests": {"culver": 58307.33935431156, "blob": 6477.037852756607, "underground": 3378.3677906498415, "empire": 1067.9337655686484, "fresh": 934.7294094845507, "fantastic": 831.020333105681, "four": 729.178035817947, "forever": 380.37205321088857, "best": 309.5145832131579, "prince": 287.3897547732985, "state": 60.54825907435056, "world": 13.18250848113617}}