{"username": "cnnarabic", "words": {"best": 2, "culver": 2, "fantastic": 1, "four": 1, "blob": 1, "underground": 1, "empire": 1, "state": 1, "world": 1, "fresh": 1, "prince": 1, "forever": 1}, "emojis": {}, "interests": {"culver": 0.125, "blob": 0.027777777777777776, "underground": 0.014492753623188406, "empire": 0.0045871559633027525, "fresh": 0.004016064257028112, "fantastic": 0.0035714285714285713, "four": 0.003134796238244514, "forever": 0.001639344262295082, "prince": 0.0012406947890818859, "best": 0.0006720430107526882, "state": 0.00026809651474530834, "world": 6.480881399870383e-05}}