{"username": "cnnarabic", "words": {"best": 2, "culver": 2, "fantastic": 1, "four": 1, "blob": 1, "underground": 1, "empire": 1, "state": 1, "world": 1, "fresh": 1, "prince": 1, "forever": 1}, "emojis": {}, "interests": {"culver": 0.125, "blob": 0.02702702702702703, "underground": 0.015151515151515152, "empire": 0.004608294930875576, "fresh": 0.003952569169960474, "fantastic": 0.0035460992907801418, "four": 0.0031545741324921135, "forever": 0.0016778523489932886, "prince": 0.0012360939431396785, "best": 0.0006807351940095302, "state": 0.0002729257641921397, "world": 6.565126050420168e-05}}