{"username": "cnnarabic", "words": {"covid": 9, "baria": 2, "apple": 2, "fire": 2, "chuck": 1, "air": 1, "force": 1, "fly": 1, "flying": 1, "hotel": 1, "ice": 1, "cream": 1, "culver": 1, "pizza": 1, "hut": 1, "epic": 1, "touch": 1, "black": 1, "king": 1, "official": 1, "dha": 1, "ford": 1, "mustang": 1}, "emojis": {"pizza": {"emoji": "pizza", "score": 1.0}, "fire": {"emoji": "fire", "score": 1.0}, "hotel": {"emoji": "hotel", "score": 1.0}, "ice": {"emoji": "ice-skate", "score": 0.8423848152160645}, "apple": {"emoji": "red-apple", "score": 0.8298465013504028}, "cream": {"emoji": "ice-cream", "score": 0.7708252668380737}, "flying": {"emoji": "flying-saucer", "score": 0.7167666554450989}, "black": {"emoji": "black-heart", "score": 0.7164819240570068}, "king": {"emoji": "prince", "score": 0.6159993410110474}, "dha": {"emoji": "libra", "score": 0.5529427528381348}, "mustang": {"emoji": "horse", "score": 0.5329108834266663}, "fly": {"emoji": "flying-saucer", "score": 0.5225327014923096}, "hut": {"emoji": "tent", "score": 0.48370182514190674}, "chuck": {"emoji": "pile-of-poo", "score": 0.45958074927330017}, "ford": {"emoji": "taurus", "score": 0.4096696078777313}, "touch": {"emoji": "check-mark-button", "score": 0.3847201466560364}, "official": {"emoji": "police-officer", "score": 0.3750982880592346}, "air": {"emoji": "radio", "score": 0.360622376203537}, "epic": {"emoji": "alien-monster", "score": 0.35656607151031494}, "culver": {"emoji": "fleur-de-lis", "score": 0.3200637996196747}, "force": {"emoji": "hammer-and-wrench", "score": 0.27837949991226196}}, "interests": {"baria": 151916.52943809427, "dha": 8438.029530247704, "culver": 6328.022216800862, "mustang": 2811.3434927039, "covid": 1503.8888524969366, "chuck": 404.2070859090602, "hut": 385.5549512448114, "ford": 315.8285217202937, "apple": 180.95228026145253, "cream": 172.6270248527481, "pizza": 164.585531002415, "fire": 107.12962863726146, "epic": 82.31848156003983, "ice": 78.73530485272892, "hotel": 69.00498790643726, "touch": 62.17121607137696, "fly": 43.53441341956741, "black": 42.889544144620345, "force": 40.01401116131719, "king": 37.22069636598209, "flying": 35.76135648784381, "air": 27.193704881602113, "official": 21.265399103735405}}