{"username": "cnnarabic", "words": {"living": 3, "golf": 3, "gold": 2, "blake": 2, "covid": 2, "smartless": 1, "jeep": 1, "culver": 1, "big": 1, "wave": 1, "group": 1, "one": 1, "drive": 1, "range": 1, "girl": 1, "scout": 1}, "emojis": {"pizza": {"emoji": "pizza", "score": 1.0}, "fire": {"emoji": "fire", "score": 1.0}, "hotel": {"emoji": "hotel", "score": 1.0}, "ice": {"emoji": "ice-skate", "score": 0.8423848152160645}, "apple": {"emoji": "red-apple", "score": 0.8298465013504028}, "cream": {"emoji": "ice-cream", "score": 0.7708252668380737}, "flying": {"emoji": "flying-saucer", "score": 0.7167666554450989}, "black": {"emoji": "black-heart", "score": 0.7164819240570068}, "king": {"emoji": "prince", "score": 0.6159993410110474}, "dha": {"emoji": "libra", "score": 0.5529427528381348}, "mustang": {"emoji": "horse", "score": 0.5329108834266663}, "fly": {"emoji": "flying-saucer", "score": 0.5225327014923096}, "hut": {"emoji": "tent", "score": 0.48370182514190674}, "chuck": {"emoji": "pile-of-poo", "score": 0.45958074927330017}, "ford": {"emoji": "taurus", "score": 0.4096696078777313}, "touch": {"emoji": "check-mark-button", "score": 0.3847201466560364}, "official": {"emoji": "police-officer", "score": 0.3750982880592346}, "air": {"emoji": "radio", "score": 0.360622376203537}, "epic": {"emoji": "alien-monster", "score": 0.35656607151031494}, "culver": {"emoji": "fleur-de-lis", "score": 0.3200637996196747}, "force": {"emoji": "hammer-and-wrench", "score": 0.27837949991226196}}, "interests": {"smartless": 182958.86957068305, "culver": 16630.806384232816, "jeep": 4252.90417840008, "golf": 2271.5251495719167, "scout": 2229.230564832258, "living": 1457.6931053775172, "blake": 710.696493564301, "gold": 366.00245830505725, "wave": 238.11029286332342, "range": 220.04439394430463, "drive": 81.55574582975834, "group": 65.67782259472672, "girl": 44.95841889509159, "covid": 40.47386245313396, "big": 40.016209879568976, "one": 33.67903754786756}}