{"username": "cnnarabic", "words": {"best": 2, "culver": 2, "fantastic": 1, "four": 1, "blob": 1, "underground": 1, "empire": 1, "state": 1, "world": 1, "fresh": 1, "prince": 1, "forever": 1}, "emojis": {}, "interests": {"culver": 45499.7143736192, "blob": 4917.320666600573, "underground": 2714.640026950433, "empire": 836.7793357258398, "fresh": 717.4277028140381, "fantastic": 643.4443051498085, "four": 570.3755117103055, "forever": 303.3973300667928, "best": 243.23500124453022, "prince": 222.7141503625369, "state": 47.067776519592734, "world": 9.990500185688584}}