{"username": "SaudiNews50", "words": {"news": 15, "medium": 9, "join": 4, "live": 4, "oil": 3, "resort": 3, "food": 2, "covid": 2, "manga": 1, "game": 1, "apple": 1, "cit": 1, "give": 1, "school": 1, "secure": 1, "delivery": 1, "trend": 1, "tourism": 1, "institute": 1, "tea": 1, "group": 1, "terrain": 1, "equinox": 1}, "emojis": {"school": {"emoji": "school", "score": 1.0}, "food": {"emoji": "canned-food", "score": 0.8360716104507446}, "apple": {"emoji": "red-apple", "score": 0.8298465013504028}, "game": {"emoji": "video-game", "score": 0.7885118722915649}, "delivery": {"emoji": "delivery-truck", "score": 0.7539281845092773}, "oil": {"emoji": "oil-drum", "score": 0.7453479766845703}, "medium": {"emoji": "white-medium-square", "score": 0.6885068416595459}, "resort": {"emoji": "hotel", "score": 0.5798319578170776}, "manga": {"emoji": "japanese-dolls", "score": 0.5433231592178345}, "equinox": {"emoji": "crescent-moon", "score": 0.49471065402030945}, "terrain": {"emoji": "snow-capped-mountain", "score": 0.48063331842422485}, "tea": {"emoji": "curry-rice", "score": 0.4521678686141968}, "live": {"emoji": "watch", "score": 0.4186183214187622}, "cit": {"emoji": "fleur-de-lis", "score": 0.408028781414032}, "tourism": {"emoji": "hotel", "score": 0.39860832691192627}, "trend": {"emoji": "chart-increasing", "score": 0.392557293176651}, "join": {"emoji": "stop-sign", "score": 0.36838358640670776}, "news": {"emoji": "newspaper", "score": 0.3653758466243744}, "give": {"emoji": "hammer-and-pick", "score": 0.3540576696395874}, "secure": {"emoji": "locked-with-key", "score": 0.35190773010253906}, "institute": {"emoji": "woman-scientist", "score": 0.33563724160194397}, "group": {"emoji": "umbrella", "score": 0.30831393599510193}}, "interests": {"cit": 1390.5233789398815, "news": 1104.7219132266205, "resort": 883.9062518144669, "equinox": 833.5147933598419, "manga": 813.1364428793321, "medium": 804.6642738333148, "terrain": 496.81609221237755, "oil": 378.16761099793155, "institute": 172.07107757168515, "tourism": 142.0610101985163, "delivery": 76.09818934381458, "trend": 65.66770412019177, "join": 59.82125802261656, "tea": 55.938484690497035, "secure": 49.753917446144726, "food": 48.686096186361105, "live": 24.574207422306433, "apple": 16.998668447617487, "covid": 12.59914034572593, "group": 11.577306289778328, "school": 7.383562550333143, "give": 1.2349657648362353, "game": 1.2112637657218064}}