{"username": "SaudiNews50", "words": {"news": 65, "medium": 3, "galaxy": 2, "tourism": 2, "club": 2, "note": 1, "welcome": 1, "entertainment": 1, "season": 1, "heart": 1, "kingdom": 1, "world": 1, "soft": 1, "strong": 1, "wro": 1, "modern": 1, "way": 1, "twitter": 1, "sans": 1}, "emojis": {}, "interests": {"news": 27370.23909736822, "wro": 9274.804085068472, "tourism": 727.1821387935075, "soft": 616.4552154210301, "galaxy": 375.62399901970116, "sans": 372.82303066278956, "strong": 160.04641545092804, "medium": 115.56005686461747, "modern": 114.69792796645064, "kingdom": 75.96916363717526, "entertainment": 71.93228515707005, "club": 67.45038164213642, "note": 53.31944772749062, "welcome": 12.320257944676706, "heart": 6.081782444044279, "twitter": 4.473398905303603, "season": 3.79440032981894, "way": 1.6692622313711862, "world": 0.8206967418839795}}