{"username": "SaudiNews50", "words": {"news": 65, "medium": 3, "galaxy": 2, "tourism": 2, "club": 2, "note": 1, "welcome": 1, "entertainment": 1, "season": 1, "heart": 1, "kingdom": 1, "world": 1, "soft": 1, "strong": 1, "wro": 1, "modern": 1, "way": 1, "twitter": 1, "sans": 1}, "emojis": {}, "interests": {"wro": 0.2, "soft": 0.016666666666666666, "news": 0.011439633931714184, "sans": 0.010101010101010102, "tourism": 0.009852216748768473, "galaxy": 0.005128205128205128, "strong": 0.004347826086956522, "modern": 0.0031545741324921135, "kingdom": 0.0021008403361344537, "entertainment": 0.00199203187250996, "note": 0.0014947683109118087, "medium": 0.0010905125408942203, "club": 0.0009615384615384616, "welcome": 0.00038387715930902113, "heart": 0.0002144082332761578, "twitter": 0.00017024174327545113, "season": 0.00015126304643775526, "way": 9.104151493080845e-05, "world": 6.494771708774437e-05}}