{"username": "SaudiNews50", "words": {"art": 2, "coming": 2, "resort": 1, "manga": 1, "health": 1, "beauty": 1, "secret": 1, "healing": 1, "clay": 1, "proton": 1, "designing": 1, "limit": 1, "vision": 1}, "emojis": {"school": {"emoji": "school", "score": 1.0}, "food": {"emoji": "canned-food", "score": 0.8360716104507446}, "apple": {"emoji": "red-apple", "score": 0.8298465013504028}, "game": {"emoji": "video-game", "score": 0.7885118722915649}, "delivery": {"emoji": "delivery-truck", "score": 0.7539281845092773}, "oil": {"emoji": "oil-drum", "score": 0.7453479766845703}, "medium": {"emoji": "white-medium-square", "score": 0.6885068416595459}, "resort": {"emoji": "hotel", "score": 0.5798319578170776}, "manga": {"emoji": "japanese-dolls", "score": 0.5433231592178345}, "equinox": {"emoji": "crescent-moon", "score": 0.49471065402030945}, "terrain": {"emoji": "snow-capped-mountain", "score": 0.48063331842422485}, "tea": {"emoji": "curry-rice", "score": 0.4521678686141968}, "live": {"emoji": "watch", "score": 0.4186183214187622}, "cit": {"emoji": "fleur-de-lis", "score": 0.408028781414032}, "tourism": {"emoji": "hotel", "score": 0.39860832691192627}, "trend": {"emoji": "chart-increasing", "score": 0.392557293176651}, "join": {"emoji": "stop-sign", "score": 0.36838358640670776}, "news": {"emoji": "newspaper", "score": 0.3653758466243744}, "give": {"emoji": "hammer-and-pick", "score": 0.3540576696395874}, "secure": {"emoji": "locked-with-key", "score": 0.35190773010253906}, "institute": {"emoji": "woman-scientist", "score": 0.33563724160194397}, "group": {"emoji": "umbrella", "score": 0.30831393599510193}}, "interests": {"proton": 32053.98336452876, "designing": 12820.393411321897, "manga": 3769.2924220238524, "clay": 1488.9766396938694, "healing": 1174.3672109315803, "resort": 560.3874506538026, "coming": 473.120693847788, "secret": 248.44136280597135, "art": 224.17399683436267, "limit": 179.8834178152744, "vision": 121.77635503315751, "beauty": 62.644471586344544, "health": 20.13760317763997}}