{"username": "SaudiNews50", "words": {"news": 65, "medium": 3, "galaxy": 2, "tourism": 2, "club": 2, "note": 1, "welcome": 1, "entertainment": 1, "season": 1, "heart": 1, "kingdom": 1, "world": 1, "soft": 1, "strong": 1, "wro": 1, "modern": 1, "way": 1, "twitter": 1, "sans": 1}, "emojis": {}, "interests": {"news": 6389.394830826786, "wro": 1751.3505703367841, "tourism": 168.76699803795722, "soft": 144.11934404140644, "sans": 86.56432297135095, "galaxy": 85.95987088452655, "strong": 36.142539839884144, "modern": 25.69152212812265, "medium": 22.984244034447183, "kingdom": 16.47183807863123, "entertainment": 15.520907231427328, "club": 13.0963947174749, "note": 11.180571151368024, "welcome": 1.6625005507690878, "heart": 0.41167353106850935, "world": 0.32606098805415495, "twitter": 0.16249845655156622, "season": 0.08018460799226286, "way": 0.05105404782720482}}