{"username": "danieltosh", "words": {"tosh": 4, "see": 2, "tonight": 2, "rap": 1, "worth": 1, "lock": 1, "day": 1, "look": 1, "get": 1, "university": 1, "serve": 1, "sentence": 1, "thanksgiving": 1, "god": 1, "work": 1, "come": 1, "til": 1, "try": 1, "dinner": 1, "allow": 1, "introduce": 1, "burp": 1, "anybody": 1, "sing": 1, "woke": 1, "lullaby": 1, "clean": 1, "network": 1, "help": 1, "bar": 1, "soap": 1, "guy": 1, "check": 1, "privilege": 1, "enjoy": 1, "half": 1, "comedy": 1, "body": 1, "sale": 1}, "emojis": {}, "interests": {"tosh": 296849.72732662514, "burp": 9274.804085068472, "lullaby": 7419.443316562863, "soap": 1195.0078002264113, "woke": 871.1121078966403, "introduce": 344.7992939015261, "sentence": 338.4361109119615, "anybody": 255.69288001552263, "til": 228.48394069857318, "privilege": 190.27056854933343, "rap": 183.5414693327264, "worth": 183.07879931705625, "thanksgiving": 157.26471648024426, "network": 154.57691815990407, "clean": 151.97834493885304, "allow": 101.66108880606271, "university": 95.78945217824136, "lock": 83.21774294167169, "comedy": 72.15377946930293, "dinner": 71.05939066811713, "body": 51.067050793979526, "half": 44.78536118212376, "serve": 44.66784379853546, "sing": 38.2494846854888, "guy": 35.56555243693541, "bar": 28.96789499413232, "sale": 25.47246759287007, "enjoy": 19.533058421135657, "tonight": 17.908074986944214, "god": 12.328430825545592, "try": 8.170460653909483, "see": 7.797820544652777, "check": 6.823399215782509, "help": 4.700102467630037, "look": 3.5845831979535436, "work": 3.2341703609777745, "come": 1.8026558620757174, "day": 0.9735826033413364, "get": 0.46659817374626833}}