{"username": "danieltosh", "words": {"tosh": 4, "see": 2, "tonight": 2, "rap": 1, "worth": 1, "lock": 1, "day": 1, "look": 1, "get": 1, "university": 1, "serve": 1, "sentence": 1, "thanksgiving": 1, "god": 1, "work": 1, "come": 1, "til": 1, "try": 1, "dinner": 1, "allow": 1, "introduce": 1, "burp": 1, "anybody": 1, "sing": 1, "woke": 1, "lullaby": 1, "clean": 1, "network": 1, "help": 1, "bar": 1, "soap": 1, "guy": 1, "check": 1, "privilege": 1, "enjoy": 1, "half": 1, "comedy": 1, "body": 1, "sale": 1}, "emojis": {}, "interests": {"tosh": 148096.303138335, "burp": 6169.012788310585, "lullaby": 6169.012788310585, "soap": 893.7932717556029, "woke": 710.0413228305616, "introduce": 258.7508475123197, "sentence": 253.94452299211778, "anybody": 191.52124291738036, "til": 164.29078514616367, "privilege": 144.1624042258853, "worth": 137.20295765089568, "rap": 133.1390635389365, "thanksgiving": 118.22285014232737, "clean": 115.67611215153784, "network": 114.93300229192603, "allow": 75.79872924501903, "university": 74.72451878117563, "lock": 61.56163326644698, "comedy": 53.446298461535804, "dinner": 52.68277533957379, "body": 38.27058187279134, "serve": 33.20202993049004, "half": 33.11322362074663, "sing": 28.599096329775715, "guy": 26.114033972218163, "bar": 21.079127826635453, "sale": 18.89598182507931, "enjoy": 14.100213740342635, "tonight": 12.56572139911643, "god": 8.874945727288448, "try": 5.792144802040425, "see": 5.117476647312699, "check": 4.757664796302365, "help": 3.225996879764301, "look": 2.382779853692684, "work": 2.11590981037986, "come": 1.036855463298056, "day": 0.4603334842735548, "get": 0.15693159101062354}}