{"username": "danieltosh", "words": {"tosh": 4, "see": 2, "tonight": 2, "rap": 1, "worth": 1, "lock": 1, "day": 1, "look": 1, "get": 1, "university": 1, "serve": 1, "sentence": 1, "thanksgiving": 1, "god": 1, "work": 1, "come": 1, "til": 1, "try": 1, "dinner": 1, "allow": 1, "introduce": 1, "burp": 1, "anybody": 1, "sing": 1, "woke": 1, "lullaby": 1, "clean": 1, "network": 1, "help": 1, "bar": 1, "soap": 1, "guy": 1, "check": 1, "privilege": 1, "enjoy": 1, "half": 1, "comedy": 1, "body": 1, "sale": 1}, "emojis": {}, "interests": {"tosh": 1.0, "burp": 0.125, "lullaby": 0.1, "soap": 0.016129032258064516, "woke": 0.011764705882352941, "introduce": 0.004672897196261682, "sentence": 0.0045871559633027525, "anybody": 0.003472222222222222, "til": 0.003105590062111801, "privilege": 0.0025906735751295338, "rap": 0.0025, "worth": 0.0024937655860349127, "thanksgiving": 0.002145922746781116, "network": 0.002109704641350211, "clean": 0.002074688796680498, "allow": 0.0013966480446927375, "university": 0.0013175230566534915, "lock": 0.001148105625717566, "comedy": 0.000999000999000999, "dinner": 0.000984251968503937, "body": 0.0007147962830593281, "half": 0.000630119722747322, "serve": 0.0006285355122564425, "sing": 0.0005420054200542005, "guy": 0.0005058168942842691, "bar": 0.00041684035014589413, "sale": 0.0003696857670979667, "enjoy": 0.00028951939779965256, "god": 0.00019212295869356388, "tonight": 0.00014635931211123308, "try": 0.00013570362328674176, "check": 0.00011734334663224596, "help": 8.82223202470225e-05, "see": 7.713073659853452e-05, "look": 7.275372862859222e-05, "work": 6.785181164337088e-05, "come": 4.7409093064049684e-05, "day": 3.4858995363753616e-05, "get": 2.6344213493506152e-05}}