{"username": "danieltosh", "words": {"sad": 1, "tosh": 1, "shoot": 1, "march": 1, "world": 1, "go": 1, "tomorrow": 1, "cry": 1, "see": 1, "dog": 1, "enjoy": 1, "call": 1, "moment": 1, "anyone": 1, "trump": 1, "quit": 1}, "emojis": {"dog": {"emoji": "dog", "score": 0.9999999403953552}, "sad": {"emoji": "sad-but-relieved-face", "score": 0.7120106220245361}, "call": {"emoji": "call-me-hand", "score": 0.6576353907585144}, "world": {"emoji": "world-map", "score": 0.6565428376197815}, "cry": {"emoji": "crying-face", "score": 0.6170737147331238}, "shoot": {"emoji": "shooting-star", "score": 0.5458305478096008}, "see": {"emoji": "watch", "score": 0.5326846837997437}, "anyone": {"emoji": "person", "score": 0.5061743855476379}, "enjoy": {"emoji": "face-savoring-food", "score": 0.43186327815055847}, "go": {"emoji": "call-me-hand", "score": 0.4193107485771179}, "moment": {"emoji": "love-you-gesture", "score": 0.3787164092063904}, "tomorrow": {"emoji": "bridge-at-night", "score": 0.3722414970397949}, "quit": {"emoji": "stop-sign", "score": 0.3566947877407074}, "tosh": {"emoji": "pile-of-poo", "score": 0.3558138608932495}, "march": {"emoji": "megaphone", "score": 0.3241025507450104}, "trump": {"emoji": "spade-suit", "score": 0.2682796120643616}}, "interests": {"tosh": 116980.50000854829, "quit": 283.3266755294334, "sad": 275.8717698502623, "cry": 69.5629061130775, "march": 57.732162123087335, "dog": 45.49772694054444, "anyone": 41.86932107295998, "shoot": 29.094991574795937, "moment": 24.788467870489185, "enjoy": 24.296780711226607, "call": 19.09510044072049, "tomorrow": 9.153610696565309, "trump": 7.976537363636877, "go": 4.998631224863626, "world": 4.407788314210254, "see": 1.8983768881896912}}