{"username": "danieltosh", "words": {"tosh": 2, "everyone": 1, "pack": 1, "ban": 1, "tonight": 1, "uncover": 1, "take": 1, "money": 1, "sad": 1, "shoot": 1, "march": 1, "world": 1, "go": 1, "tomorrow": 1, "cry": 1, "see": 1, "dog": 1, "enjoy": 1, "call": 1, "moment": 1, "please": 1}, "emojis": {"dog": {"emoji": "dog", "score": 0.9999999403953552}, "sad": {"emoji": "sad-but-relieved-face", "score": 0.7120106220245361}, "call": {"emoji": "call-me-hand", "score": 0.6576353907585144}, "world": {"emoji": "world-map", "score": 0.6565428376197815}, "cry": {"emoji": "crying-face", "score": 0.6170737147331238}, "shoot": {"emoji": "shooting-star", "score": 0.5458305478096008}, "see": {"emoji": "watch", "score": 0.5326846837997437}, "anyone": {"emoji": "person-facepalming", "score": 0.5061745047569275}, "enjoy": {"emoji": "face-savoring-food", "score": 0.43186327815055847}, "go": {"emoji": "call-me-hand", "score": 0.4193107485771179}, "moment": {"emoji": "love-you-gesture", "score": 0.3787164092063904}, "tomorrow": {"emoji": "bridge-at-night", "score": 0.3722414970397949}, "quit": {"emoji": "stop-sign", "score": 0.3566947877407074}, "tosh": {"emoji": "pile-of-poo", "score": 0.3558138608932495}, "march": {"emoji": "megaphone", "score": 0.3241025507450104}, "trump": {"emoji": "spade-suit", "score": 0.2682796120643616}}, "interests": {"tosh": 162431.75760038273, "uncover": 980.4753580142407, "sad": 272.3883701524651, "ban": 154.99969209692094, "pack": 144.0821673442544, "cry": 71.18292711078297, "dog": 49.14285815397011, "march": 42.8115981657149, "money": 37.02270383581116, "shoot": 31.992871977444306, "moment": 24.579466886942342, "enjoy": 23.91519943558504, "call": 18.83766048415416, "please": 10.33413704455121, "everyone": 9.205549371756028, "tomorrow": 9.03229095786321, "tonight": 5.174856479164475, "go": 4.981668884718516, "world": 4.579773387566389, "take": 3.9506981008637307, "see": 1.980633598974635}}