{"username": "danieltosh", "words": {"tosh": 4, "see": 2, "tonight": 2, "rap": 1, "worth": 1, "lock": 1, "day": 1, "look": 1, "get": 1, "university": 1, "serve": 1, "sentence": 1, "thanksgiving": 1, "god": 1, "work": 1, "come": 1, "til": 1, "try": 1, "dinner": 1, "allow": 1, "introduce": 1, "burp": 1, "anybody": 1, "sing": 1, "woke": 1, "lullaby": 1, "clean": 1, "network": 1, "help": 1, "bar": 1, "soap": 1, "guy": 1, "check": 1, "privilege": 1, "enjoy": 1, "half": 1, "comedy": 1, "body": 1, "sale": 1}, "emojis": {}, "interests": {"tosh": 0.6666666666666666, "burp": 0.1111111111111111, "lullaby": 0.1111111111111111, "soap": 0.016129032258064516, "woke": 0.012987012987012988, "introduce": 0.0047169811320754715, "sentence": 0.004608294930875576, "anybody": 0.003484320557491289, "til": 0.0029940119760479044, "privilege": 0.002638522427440633, "worth": 0.0025188916876574307, "rap": 0.0024330900243309003, "thanksgiving": 0.002183406113537118, "clean": 0.0021231422505307855, "network": 0.00211864406779661, "allow": 0.0014104372355430183, "university": 0.001388888888888889, "lock": 0.0011467889908256881, "comedy": 0.0010050251256281408, "dinner": 0.0009891196834817012, "body": 0.0007267441860465116, "serve": 0.0006365372374283895, "half": 0.0006337135614702154, "sing": 0.0005509641873278236, "guy": 0.0005122950819672131, "bar": 0.00041476565740356696, "sale": 0.0003763643206624012, "enjoy": 0.00028935185185185184, "god": 0.00019527436047646945, "tonight": 0.00014728625082848515, "try": 0.00013902405116085083, "check": 0.00011918951132300358, "help": 9.109127345600292e-05, "see": 7.836069427575128e-05, "look": 7.500187504687617e-05, "work": 6.983727913960472e-05, "come": 4.806536890170632e-05, "day": 3.5138269088864683e-05, "get": 2.676874481355569e-05}}