{"username": "Beyonce", "words": {"world": 5, "day": 5, "stream": 3, "humanitarian": 3, "spirit": 2, "lion": 2, "king": 2, "tidal": 2, "help": 2, "bigger": 1, "cut": 1, "official": 1, "video": 1, "gift": 1, "watch": 1, "track": 1, "want": 1, "provide": 1, "water": 1, "let": 1, "lemonade": 1, "visual": 1, "album": 1, "run": 1, "educate": 1, "today": 1, "tune": 1, "benefit": 1, "concert": 1, "part": 1, "initiative": 1, "empowerment": 1, "something": 1, "someone": 1, "join": 1, "hello": 1, "august": 1, "act": 1, "kindness": 1, "hey": 1, "invite": 1, "work": 1}, "emojis": {}, "interests": {"humanitarian": 0.075, "lemonade": 0.017857142857142856, "bigger": 0.016129032258064516, "visual": 0.014492753623188406, "empowerment": 0.006802721088435374, "tidal": 0.006688963210702341, "lion": 0.006493506493506494, "educate": 0.004830917874396135, "kindness": 0.002717391304347826, "initiative": 0.0022675736961451248, "invite": 0.0021645021645021645, "benefit": 0.0018867924528301887, "spirit": 0.0015822784810126582, "king": 0.0011655011655011655, "stream": 0.0010460251046025104, "provide": 0.0007552870090634441, "august": 0.0007331378299120235, "concert": 0.0007189072609633358, "gift": 0.0006711409395973154, "cut": 0.000655307994757536, "hello": 0.0006349206349206349, "track": 0.0005336179295624333, "act": 0.0004807692307692308, "water": 0.00044802867383512545, "official": 0.00034831069313827936, "someone": 0.0003245699448231094, "world": 0.0003240440699935191, "hey": 0.00026476039184537993, "run": 0.00025316455696202533, "something": 0.00021249468763280918, "tune": 0.0002090738030524775, "album": 0.00020052135552436334, "part": 0.00017972681524083394, "help": 0.000176444640494045, "day": 0.0001742949768187681, "join": 0.00015875535799333228, "want": 0.00011257458065968704, "let": 7.804573480059315e-05, "video": 7.473841554559044e-05, "work": 6.785181164337088e-05, "watch": 4.879238838741156e-05, "today": 4.171533455698315e-05}}