{"username": "Beyonce", "words": {"world": 5, "day": 5, "stream": 3, "humanitarian": 3, "spirit": 2, "lion": 2, "king": 2, "tidal": 2, "help": 2, "bigger": 1, "cut": 1, "official": 1, "video": 1, "gift": 1, "watch": 1, "track": 1, "want": 1, "provide": 1, "water": 1, "let": 1, "lemonade": 1, "visual": 1, "album": 1, "run": 1, "educate": 1, "today": 1, "tune": 1, "benefit": 1, "concert": 1, "part": 1, "initiative": 1, "empowerment": 1, "something": 1, "someone": 1, "join": 1, "hello": 1, "august": 1, "act": 1, "kindness": 1, "hey": 1, "invite": 1, "work": 1}, "emojis": {}, "interests": {"humanitarian": 12446.930807467237, "lemonade": 986.3287963136971, "bigger": 890.6842804151152, "visual": 800.1223471612604, "tidal": 736.4248796969176, "lion": 714.7894082307267, "empowerment": 374.50847866947123, "educate": 265.3774402392055, "spirit": 171.16953398659817, "stream": 167.73285238981623, "kindness": 148.40435537508003, "king": 125.04348944173202, "initiative": 123.50990889361294, "invite": 117.8056546455987, "benefit": 102.4366627240796, "world": 79.9520819869204, "provide": 39.82630571542008, "day": 38.75127689492874, "august": 38.6011520839745, "concert": 37.81402978681835, "gift": 35.172126698573415, "cut": 34.29648134734363, "hello": 33.16900060709957, "track": 27.56766736247568, "act": 24.64640648410999, "water": 22.837082308221756, "official": 17.329600931298035, "someone": 16.01943131269399, "help": 15.735936948228881, "hey": 12.721765859109109, "run": 12.083104424703652, "something": 9.845834796971797, "tune": 9.657892540225314, "album": 9.188231614765758, "part": 8.047754844065123, "join": 6.900341113932629, "want": 4.391091181689477, "let": 2.551052773771154, "video": 2.3782492820116987, "work": 2.021637245354551, "watch": 1.0707853102695768, "today": 0.7419187342412408}}