{"username": "Beyonce", "words": {"world": 5, "day": 5, "stream": 3, "humanitarian": 3, "spirit": 2, "lion": 2, "king": 2, "tidal": 2, "help": 2, "bigger": 1, "cut": 1, "official": 1, "video": 1, "gift": 1, "watch": 1, "track": 1, "want": 1, "provide": 1, "water": 1, "let": 1, "lemonade": 1, "visual": 1, "album": 1, "run": 1, "educate": 1, "today": 1, "tune": 1, "benefit": 1, "concert": 1, "part": 1, "initiative": 1, "empowerment": 1, "something": 1, "someone": 1, "join": 1, "hello": 1, "august": 1, "act": 1, "kindness": 1, "hey": 1, "invite": 1, "work": 1}, "emojis": {}, "interests": {"humanitarian": 0.07894736842105263, "lemonade": 0.01818181818181818, "bigger": 0.01639344262295082, "visual": 0.014492753623188406, "empowerment": 0.006944444444444444, "tidal": 0.006666666666666667, "lion": 0.006535947712418301, "educate": 0.005076142131979695, "kindness": 0.0027247956403269754, "initiative": 0.0022935779816513763, "invite": 0.002288329519450801, "benefit": 0.0019047619047619048, "spirit": 0.0016090104585679806, "king": 0.00117096018735363, "stream": 0.001054481546572935, "provide": 0.0007757951900698216, "august": 0.0007429420505200594, "concert": 0.000727802037845706, "gift": 0.0006854009595613434, "cut": 0.0006523157208088715, "hello": 0.0006389776357827476, "track": 0.0005373455131649651, "act": 0.0004854368932038835, "water": 0.00045351473922902497, "official": 0.0003527336860670194, "someone": 0.0003341129301703976, "world": 0.00032868787799105966, "hey": 0.00026860059092130003, "run": 0.0002550369803621525, "something": 0.00021982853374367993, "tune": 0.00021258503401360543, "album": 0.00020153164046755341, "part": 0.00018318373328448433, "help": 0.00018304960644334616, "day": 0.00017635440180586908, "join": 0.00016299918500407498, "want": 0.00011625203441060219, "let": 7.875876191226274e-05, "video": 7.548309178743961e-05, "work": 7.000350017500875e-05, "watch": 4.939979252087141e-05, "today": 4.225471140032114e-05}}