{"username": "Beyonce", "words": {"world": 5, "day": 5, "stream": 3, "humanitarian": 3, "spirit": 2, "lion": 2, "king": 2, "tidal": 2, "help": 2, "bigger": 1, "cut": 1, "official": 1, "video": 1, "gift": 1, "watch": 1, "track": 1, "want": 1, "provide": 1, "water": 1, "let": 1, "lemonade": 1, "visual": 1, "album": 1, "run": 1, "educate": 1, "today": 1, "tune": 1, "benefit": 1, "concert": 1, "part": 1, "initiative": 1, "empowerment": 1, "something": 1, "someone": 1, "join": 1, "hello": 1, "august": 1, "act": 1, "kindness": 1, "hey": 1, "invite": 1, "work": 1}, "emojis": {}, "interests": {"humanitarian": 11399.39731006357, "lemonade": 873.56693564713, "bigger": 787.4458346489214, "visual": 695.9161957972334, "tidal": 638.0878116588573, "lion": 625.4981013139906, "empowerment": 330.1141741025472, "educate": 236.40082164105252, "spirit": 150.24889450311773, "stream": 146.07781702472195, "kindness": 127.45965671395399, "king": 108.48418509984357, "initiative": 108.20614248701402, "invite": 107.95457177373095, "benefit": 89.56247916475478, "world": 69.17358249444185, "provide": 35.1557833833796, "august": 33.75211591239914, "concert": 33.05118470675945, "day": 32.94540332597097, "gift": 30.946387630926587, "cut": 29.32248399044227, "hello": 28.76394947083072, "track": 23.88738159704193, "act": 21.19517296714975, "water": 19.79670656097683, "official": 14.997524186257177, "someone": 13.997935776972135, "help": 13.746026599965184, "hey": 10.953631618374114, "run": 10.291869518532875, "something": 8.611819181956598, "tune": 8.307008562735977, "album": 7.802219714802205, "part": 6.8824577252188925, "join": 5.920584809615698, "want": 3.7306617906348896, "let": 2.0403375974347964, "video": 1.904255785580073, "work": 1.6501983936446971, "watch": 0.7909863477571784, "today": 0.5215247585849838}}