{"username": "mcgrmic2", "words": {"campus": 2, "growl": 2, "loss": 1, "read": 1, "beginning": 1, "twitter": 1, "tell": 1, "hope": 1, "find": 1, "peace": 1, "comfort": 1, "need": 1, "day": 1, "come": 1, "thank": 1, "walking": 1, "home": 1, "response": 1, "see": 1, "today": 1, "attack": 1, "terrorism": 1, "trap": 1, "plug": 1, "destination": 1, "road": 1, "trip": 1, "adventure": 1, "new": 1, "beautification": 1, "make": 1, "look": 1, "seth": 1, "know": 1, "anyone": 1, "thanks": 1, "service": 1, "let": 1, "get": 1, "do": 1, "place": 1, "weekend": 1, "heart": 1, "go": 1, "family": 1}, "emojis": {}, "interests": {"beautification": 1.0, "growl": 0.3333333333333333, "plug": 0.009345794392523364, "walking": 0.008928571428571428, "seth": 0.007692307692307693, "campus": 0.0058997050147492625, "destination": 0.005235602094240838, "comfort": 0.003484320557491289, "terrorism": 0.0027624309392265192, "trap": 0.002183406113537118, "beginning": 0.002074688796680498, "adventure": 0.0016835016835016834, "loss": 0.0013003901170351106, "response": 0.0012135922330097086, "attack": 0.0007763975155279503, "trip": 0.0007173601147776184, "road": 0.0006635700066357001, "service": 0.0006613756613756613, "anyone": 0.0004743833017077799, "peace": 0.0004042037186742118, "place": 0.0003439972480220158, "weekend": 0.0002472799208704253, "heart": 0.00021500752526338422, "read": 0.0001948178453146308, "twitter": 0.0001703867779860283, "home": 0.00016531658125309968, "tell": 0.00016142050040355126, "do": 0.00015862944162436547, "hope": 0.0001426126640045636, "family": 0.00014074595355383532, "find": 0.00012357884330202668, "need": 8.963786303334529e-05, "new": 8.835483300936562e-05, "let": 7.817997029161128e-05, "look": 7.402472425790214e-05, "go": 7.245326764237067e-05, "thanks": 6.303580433686334e-05, "know": 6.181615874389565e-05, "come": 4.76598989610142e-05, "today": 4.1727519298977675e-05, "make": 3.993450740785112e-05, "see": 3.865182436611008e-05, "day": 3.491010647582475e-05, "thank": 2.909429460882721e-05, "get": 2.6492171563303043e-05}}