{"username": "mcgrmic2", "words": {"campus": 2, "growl": 2, "loss": 1, "read": 1, "beginning": 1, "twitter": 1, "tell": 1, "hope": 1, "find": 1, "peace": 1, "comfort": 1, "need": 1, "day": 1, "come": 1, "thank": 1, "walking": 1, "home": 1, "response": 1, "see": 1, "today": 1, "attack": 1, "terrorism": 1, "trap": 1, "plug": 1, "destination": 1, "road": 1, "trip": 1, "adventure": 1, "new": 1, "beautification": 1, "make": 1, "look": 1, "seth": 1, "know": 1, "anyone": 1, "thanks": 1, "service": 1, "let": 1, "get": 1, "do": 1, "place": 1, "weekend": 1, "heart": 1, "go": 1, "family": 1}, "emojis": {}, "interests": {"beautification": 30560.680883783476, "growl": 20371.120763693747, "campus": 356.63269492130917, "plug": 283.63603232013156, "walking": 270.8847436273476, "seth": 233.10179856174534, "destination": 158.0202853212161, "comfort": 104.4995677188864, "terrorism": 82.4391396793728, "trap": 64.74572981269213, "beginning": 61.423822426046115, "adventure": 49.47176013290494, "loss": 37.76856953412332, "response": 35.1175930864605, "attack": 21.770932380546753, "trip": 19.970059425273213, "road": 18.329786836822265, "service": 18.262885361176583, "anyone": 12.567398458159664, "peace": 10.429539035514724, "place": 8.60859410651723, "weekend": 5.689855537861831, "heart": 4.7233854337950785, "read": 4.120978526670753, "twitter": 3.3995083003334527, "home": 3.249636624149301, "tell": 3.1361414237060825, "do": 3.054405626064837, "hope": 2.5880554705001786, "family": 2.534046721532234, "find": 2.0412341294898066, "need": 1.104168123278096, "new": 1.0706814799553668, "let": 0.8077523636788302, "look": 0.7042689359107082, "go": 0.6658348984964348, "thanks": 0.4455188693786658, "know": 0.41823703746754703, "come": 0.14299106939669237, "today": 0.05934914724684468, "get": 0.044819056339876324, "make": 0.03975812524489918, "see": 0.0277354777865302, "thank": 0.013813332640171126, "day": 0.004182520792196322}}