{"username": "mcgrmic2", "words": {"campus": 2, "growl": 2, "loss": 1, "read": 1, "beginning": 1, "twitter": 1, "tell": 1, "hope": 1, "find": 1, "peace": 1, "comfort": 1, "need": 1, "day": 1, "come": 1, "thank": 1, "walking": 1, "home": 1, "response": 1, "see": 1, "today": 1, "attack": 1, "terrorism": 1, "trap": 1, "plug": 1, "destination": 1, "road": 1, "trip": 1, "adventure": 1, "new": 1, "beautification": 1, "make": 1, "look": 1, "seth": 1, "know": 1, "anyone": 1, "thanks": 1, "service": 1, "let": 1, "get": 1, "do": 1, "place": 1, "weekend": 1, "heart": 1, "go": 1, "family": 1}, "emojis": {}, "interests": {"beautification": 1.0, "growl": 0.3333333333333333, "plug": 0.009345794392523364, "walking": 0.008928571428571428, "seth": 0.007692307692307693, "campus": 0.005917159763313609, "destination": 0.005263157894736842, "comfort": 0.003472222222222222, "terrorism": 0.0027624309392265192, "trap": 0.002183406113537118, "beginning": 0.0020833333333333333, "adventure": 0.0016835016835016834, "loss": 0.0012987012987012987, "response": 0.0012165450121654502, "attack": 0.0007739938080495357, "trip": 0.0007132667617689016, "road": 0.000663129973474801, "service": 0.0006600660066006601, "anyone": 0.00047460844803037496, "peace": 0.00040306328093510683, "place": 0.0003417634996582365, "weekend": 0.0002469745616201531, "heart": 0.0002144082332761578, "read": 0.0001936108422071636, "twitter": 0.00017018379850238256, "home": 0.00016477179106936892, "tell": 0.00016079755587715066, "do": 0.00015802781289506955, "hope": 0.00014210601108426886, "family": 0.0001407063458561981, "find": 0.00012307692307692307, "need": 8.872327211427557e-05, "new": 8.816787162757891e-05, "let": 7.804573480059315e-05, "look": 7.275372862859222e-05, "go": 7.198387561186294e-05, "thanks": 6.282196255811031e-05, "know": 6.13685179502915e-05, "come": 4.7409093064049684e-05, "today": 4.171533455698315e-05, "make": 3.970144513260283e-05, "see": 3.856536829926726e-05, "day": 3.4858995363753616e-05, "thank": 2.909598766330123e-05, "get": 2.6344213493506152e-05}}