{"username": "mcgrmic2", "words": {"campus": 2, "growl": 2, "loss": 1, "read": 1, "beginning": 1, "twitter": 1, "tell": 1, "hope": 1, "find": 1, "peace": 1, "comfort": 1, "need": 1, "day": 1, "come": 1, "thank": 1, "walking": 1, "home": 1, "response": 1, "see": 1, "today": 1, "attack": 1, "terrorism": 1, "trap": 1, "plug": 1, "destination": 1, "road": 1, "trip": 1, "adventure": 1, "new": 1, "beautification": 1, "make": 1, "look": 1, "seth": 1, "know": 1, "anyone": 1, "thanks": 1, "service": 1, "let": 1, "get": 1, "do": 1, "place": 1, "weekend": 1, "heart": 1, "go": 1, "family": 1}, "emojis": {}, "interests": {"beautification": 69475.34043992509, "growl": 46314.2270367137, "campus": 818.2219113514876, "plug": 647.3224786268386, "walking": 618.3350086929099, "seth": 532.442951310049, "destination": 363.6729474705221, "comfort": 239.24491060282293, "terrorism": 189.93156509851747, "trap": 149.7038419147249, "beginning": 142.75136794717935, "adventure": 114.9737691216625, "loss": 88.24139499102824, "response": 82.53414314873935, "attack": 51.793627280150865, "trip": 47.57605686268532, "road": 44.09421183181671, "service": 43.881436314522894, "anyone": 31.004859146943275, "peace": 26.039474266901507, "place": 21.786933461071747, "weekend": 15.217413687720326, "heart": 12.963643613835162, "read": 11.525907178713204, "twitter": 9.9084920404168, "home": 9.535258041718189, "tell": 9.261297727625177, "do": 9.07043220839708, "hope": 7.974432529780876, "family": 7.878195034982761, "find": 6.668001886235085, "need": 4.3264825337608155, "new": 4.28891670099034, "let": 3.606829925431036, "look": 3.2525698566335133, "go": 3.2011983142547, "thanks": 2.5938135486381007, "know": 2.4982583124145217, "come": 1.597453084296304, "today": 1.243303856945166, "make": 1.1208862850417427, "see": 1.0526344291265004, "day": 0.8348074974928027, "thank": 0.5161911092778432, "get": 0.3766766815983779}}