{"username": "cthellewell27", "words": {"stock": 1, "remember": 1, "faith": 1, "doubt": 1, "exist": 1, "mind": 1, "time": 1, "dispel": 1}, "emojis": {}, "interests": {"dispel": 0.14285714285714285, "exist": 0.0033222591362126247, "doubt": 0.0025, "stock": 0.0016233766233766235, "faith": 0.0012953367875647669, "mind": 0.0004775549188156638, "remember": 0.00030731407498463427, "time": 3.7188545927854223e-05}}