{"username": "cthellewell27", "words": {"stock": 1, "remember": 1, "faith": 1, "doubt": 1, "exist": 1, "mind": 1, "time": 1, "dispel": 1}, "emojis": {}, "interests": {"dispel": 0.14285714285714285, "exist": 0.003367003367003367, "doubt": 0.002570694087403599, "stock": 0.0016233766233766235, "faith": 0.0013531799729364006, "mind": 0.00048590864917395527, "remember": 0.00031289111389236547, "time": 3.759681179036018e-05}}