{"username": "cthellewell27", "words": {"stock": 1, "remember": 1, "faith": 1, "doubt": 1, "exist": 1, "mind": 1, "time": 1, "dispel": 1}, "emojis": {}, "interests": {"dispel": 58309.3393028636, "exist": 1354.0783952282038, "doubt": 1018.4494174613218, "stock": 660.6303646599166, "faith": 526.731651688046, "mind": 192.93319838787485, "remember": 123.44723904128686, "time": 13.24547533387197}}