{"username": "cthellewell27", "words": {"stock": 1, "remember": 1, "faith": 1, "doubt": 1, "exist": 1, "mind": 1, "time": 1, "dispel": 1}, "emojis": {}, "interests": {"dispel": 44144.571451223244, "exist": 1035.0009643201543, "doubt": 782.3312242122055, "stock": 498.85450875134734, "faith": 411.69184163645616, "mind": 147.150527331271, "remember": 94.22023205453323, "time": 9.66040798768226}}