{"username": "MohamadAlarefe", "words": {"food": 7, "teaching": 1, "ablution": 1, "moor": 1, "dan": 1, "sal": 1, "do": 1, "team": 1, "pure": 1, "amani": 1, "repeat": 1, "festival": 1, "association": 1, "exercise": 1, "star": 1, "ale": 1, "steadfast": 1, "center": 1, "turkey": 1, "business": 1, "example": 1, "provide": 1, "channel": 1}, "emojis": {}, "interests": {"ablution": 56298.60346603767, "amani": 37531.735658826605, "steadfast": 5628.060522445575, "moor": 3751.3738296453753, "food": 2812.584516832917, "teaching": 2008.7363347687947, "ale": 1338.4913042878386, "sal": 521.7284530982804, "exercise": 507.5096861925942, "association": 448.40704781107735, "pure": 394.485645050635, "repeat": 186.61703874213603, "example": 168.0983367031183, "turkey": 105.24856960783869, "provide": 83.05798708474477, "festival": 77.03104608635955, "center": 68.74353970890482, "channel": 65.6025548201647, "business": 49.38863066184325, "star": 26.284573097887108, "do": 15.850320787129377, "dan": 11.274826005473866, "team": 8.319437553013932}}