{"username": "MohamadAlarefe", "words": {"food": 7, "teaching": 1, "ablution": 1, "moor": 1, "dan": 1, "sal": 1, "do": 1, "team": 1, "pure": 1, "amani": 1, "repeat": 1, "festival": 1, "association": 1, "exercise": 1, "star": 1, "ale": 1, "steadfast": 1, "center": 1, "turkey": 1, "business": 1, "example": 1, "provide": 1, "channel": 1}, "emojis": {}, "interests": {"ablution": 0.5, "amani": 0.3333333333333333, "steadfast": 0.05263157894736842, "moor": 0.03333333333333333, "teaching": 0.01818181818181818, "ale": 0.011363636363636364, "exercise": 0.0045871559633027525, "sal": 0.0045662100456621, "association": 0.004, "food": 0.0036082474226804126, "pure": 0.0035211267605633804, "repeat": 0.0016806722689075631, "example": 0.0015527950310559005, "turkey": 0.0009487666034155598, "provide": 0.0007564296520423601, "festival": 0.0006997900629811056, "center": 0.0006289308176100629, "channel": 0.0006006006006006006, "business": 0.00045599635202918376, "star": 0.00025119316754584274, "do": 0.00015862944162436547, "dan": 0.000117096018735363, "team": 9.079353550027238e-05}}