{"username": "MohamadAlarefe", "words": {"food": 7, "teaching": 1, "ablution": 1, "moor": 1, "dan": 1, "sal": 1, "do": 1, "team": 1, "pure": 1, "amani": 1, "repeat": 1, "festival": 1, "association": 1, "exercise": 1, "star": 1, "ale": 1, "steadfast": 1, "center": 1, "turkey": 1, "business": 1, "example": 1, "provide": 1, "channel": 1}, "emojis": {}, "interests": {"ablution": 0.5, "amani": 0.3333333333333333, "steadfast": 0.05, "moor": 0.03333333333333333, "teaching": 0.017857142857142856, "ale": 0.011904761904761904, "sal": 0.004651162790697674, "exercise": 0.004524886877828055, "association": 0.004, "food": 0.003586065573770492, "pure": 0.0035211267605633804, "repeat": 0.0016750418760469012, "example": 0.0015105740181268882, "turkey": 0.0009523809523809524, "provide": 0.0007552870090634441, "festival": 0.0007017543859649122, "center": 0.000628140703517588, "channel": 0.0006002400960384153, "business": 0.0004562043795620438, "star": 0.0002508780732563974, "do": 0.00015802781289506955, "dan": 0.00011721955222131051, "team": 9.077705156136529e-05}}