{"username": "MohamadAlarefe", "words": {"food": 7, "teaching": 1, "ablution": 1, "moor": 1, "dan": 1, "sal": 1, "do": 1, "team": 1, "pure": 1, "amani": 1, "repeat": 1, "festival": 1, "association": 1, "exercise": 1, "star": 1, "ale": 1, "steadfast": 1, "center": 1, "turkey": 1, "business": 1, "example": 1, "provide": 1, "channel": 1}, "emojis": {}, "interests": {"ablution": 23693.34486978859, "amani": 15794.896615027712, "steadfast": 2492.2472248790746, "moor": 1577.6902882081476, "food": 1182.4056112519795, "teaching": 859.6500633868286, "ale": 536.5324211681419, "exercise": 215.39308471641962, "sal": 214.40046433515985, "association": 187.56803391847114, "pure": 164.8746182846615, "repeat": 77.66077311657268, "example": 71.60161658194905, "turkey": 42.984944313105494, "provide": 33.87561866057792, "festival": 31.19368730062999, "center": 27.83901608582245, "channel": 26.498010152997782, "business": 19.656256515044802, "star": 9.985252882584113, "do": 5.650580547050999, "dan": 3.729465255958668, "team": 2.5351767826494847}}