{"username": "MohamadAlarefe", "words": {"food": 9, "teaching": 1, "ablution": 1, "moor": 1, "dan": 1, "sal": 1, "do": 1, "team": 1, "pure": 1, "repeat": 1, "festival": 1, "association": 1, "exercise": 1, "star": 1, "ale": 1, "steadfast": 1, "center": 1, "turkey": 1, "business": 1, "example": 1, "provide": 1, "channel": 1, "wail": 1, "key": 1, "charity": 1, "learn": 1, "holy": 1, "bin": 1, "harbi": 1, "ret": 1}, "emojis": {"turkey": {"emoji": "turkey", "score": 1.0000001192092896}, "key": {"emoji": "key", "score": 1.0}, "star": {"emoji": "star", "score": 0.9999998807907104}, "food": {"emoji": "canned-food", "score": 0.8360716104507446}, "bin": {"emoji": "litter-in-bin-sign", "score": 0.7097140550613403}, "repeat": {"emoji": "repeat-button", "score": 0.6554056406021118}, "do": {"emoji": "hourglass-not-done", "score": 0.5453240275382996}, "ale": {"emoji": "beer-mug", "score": 0.5408834218978882}, "sal": {"emoji": "fleur-de-lis", "score": 0.5178171992301941}, "holy": {"emoji": "hindu-temple", "score": 0.4886842966079712}, "teaching": {"emoji": "school", "score": 0.4808855652809143}, "ablution": {"emoji": "toilet", "score": 0.4578923285007477}, "wail": {"emoji": "loudly-crying-face", "score": 0.45698651671409607}, "channel": {"emoji": "television", "score": 0.45529958605766296}, "team": {"emoji": "field-hockey", "score": 0.45230329036712646}, "dan": {"emoji": "leo", "score": 0.4246520400047302}, "moor": {"emoji": "derelict-house", "score": 0.4161240756511688}, "steadfast": {"emoji": "persevering-face", "score": 0.409654438495636}, "festival": {"emoji": "cinema", "score": 0.4015887677669525}, "charity": {"emoji": "woman-raising-hand", "score": 0.36013543605804443}, "business": {"emoji": "japanese-open-for-business-button", "score": 0.3596779704093933}, "exercise": {"emoji": "person-lifting-weights", "score": 0.35870420932769775}, "center": {"emoji": "national-park", "score": 0.3532940447330475}, "pure": {"emoji": "see-no-evil-monkey", "score": 0.3410898745059967}, "learn": {"emoji": "information", "score": 0.32993432879447937}, "ret": {"emoji": "om", "score": 0.32000932097435}, "example": {"emoji": "recycling-symbol", "score": 0.28296858072280884}, "association": {"emoji": "club-suit", "score": 0.2724035978317261}, "provide": {"emoji": "plus-sign", "score": 0.2663329839706421}}, "interests": {"ablution": 39462.84213060217, "wail": 26307.89477485062, "harbi": 19730.421103309596, "ret": 4931.105465869969, "steadfast": 3429.725691856272, "food": 3088.5879888321006, "moor": 2628.989853769349, "teaching": 1459.6615028667004, "ale": 915.7881152811931, "sal": 347.249253620111, "exercise": 328.25275274184355, "association": 300.4158899228031, "bin": 273.9815402983479, "pure": 262.8684876282415, "key": 141.5154849739611, "holy": 133.39277947819457, "repeat": 123.09465723163483, "charity": 113.06653998357123, "example": 110.60472185131782, "turkey": 72.97030605060962, "provide": 52.5277958643467, "festival": 50.92083601789121, "center": 46.26625555562699, "channel": 43.91114283316313, "business": 33.077236968900664, "star": 16.673589071086422, "learn": 11.717145151824264, "do": 10.214257525184232, "dan": 7.354829671622663, "team": 5.001564885054345}}