{"username": "amrkhaled", "words": {"float": 3, "designer": 2, "ameed": 2, "space": 2, "lot": 2, "water": 2, "solitaire": 1, "maria": 1, "floating": 1}, "emojis": {}, "interests": {"ameed": 408175.3750097995, "solitaire": 40815.93752449903, "floating": 12003.27581859083, "float": 11844.369711082927, "designer": 2620.949273035997, "water": 361.7630645045559, "space": 274.7302101883939, "maria": 272.3177415582689, "lot": 142.74882075547038}}