{"username": "amrkhaled", "words": {"float": 3, "designer": 2, "ameed": 2, "space": 2, "lot": 2, "water": 2, "solitaire": 1, "maria": 1, "floating": 1}, "emojis": {}, "interests": {"ameed": 1.0, "solitaire": 0.2, "floating": 0.058823529411764705, "float": 0.019736842105263157, "designer": 0.006493506493506494, "maria": 0.0013568521031207597, "water": 0.0009132420091324201, "space": 0.0006865774116031583, "lot": 0.0003704389701796629}}