{"username": "amrkhaled", "words": {"float": 3, "designer": 2, "ameed": 2, "space": 2, "lot": 2, "water": 2, "solitaire": 1, "maria": 1, "floating": 1}, "emojis": {}, "interests": {"ameed": 387253.875010329, "solitaire": 38723.78752582258, "float": 11458.872084348737, "floating": 11387.937587796792, "designer": 2502.525058619021, "water": 348.22406709644514, "space": 261.62402749654484, "maria": 260.7296373211728, "lot": 138.69072926782576}}