{"username": "amrkhaled", "words": {"float": 3, "designer": 2, "ameed": 2, "space": 2, "lot": 2, "water": 2, "solitaire": 1, "maria": 1, "floating": 1}, "emojis": {}, "interests": {"ameed": 1.0, "solitaire": 0.2, "floating": 0.058823529411764705, "float": 0.01935483870967742, "designer": 0.006430868167202572, "maria": 0.0013440860215053765, "water": 0.0008960573476702509, "space": 0.0006828269033799932, "lot": 0.0003594536304816679}}