{"username": "amrkhaled", "words": {"float": 3, "designer": 2, "ameed": 2, "space": 2, "lot": 2, "water": 2, "maha": 1, "solitaire": 1, "maria": 1, "floating": 1}, "emojis": {"water": {"emoji": "potable-water", "score": 0.8588904142379761}, "maha": {"emoji": "hindu-temple", "score": 0.5679755210876465}, "maria": {"emoji": "mrs-claus", "score": 0.5300678610801697}, "designer": {"emoji": "artist-palette", "score": 0.4994601309299469}, "solitaire": {"emoji": "mahjong-red-dragon", "score": 0.44490376114845276}, "lot": {"emoji": "couple-with-heart", "score": 0.3934418261051178}, "floating": {"emoji": "mermaid", "score": 0.3929789066314697}, "float": {"emoji": "balloon", "score": 0.390368789434433}, "space": {"emoji": "new-moon", "score": 0.38420557975769043}}, "interests": {"ameed": 219258.94119471352, "solitaire": 9964.49742653936, "float": 5664.594893423542, "floating": 4383.259051566123, "designer": 1184.4203911685815, "maha": 405.5543889472629, "water": 169.01163667121327, "space": 132.4292889278885, "maria": 118.88089785571498, "lot": 57.88986174403621}}