{"username": "pepatah", "words": {"yang": 881, "dan": 480, "orang": 309, "apa": 231, "aku": 211, "dari": 194, "masa": 122, "lie": 86, "agar": 62, "rasa": 57, "lain": 38, "pal": 38, "pantas": 35, "air": 33, "pun": 27, "mau": 24, "teman": 24, "baru": 20, "lama": 17, "kali": 17, "kan": 12, "mana": 12, "berat": 12, "tau": 9, "demi": 8, "sisi": 8, "serta": 7, "yakin": 6, "kalo": 5, "min": 5, "tua": 5, "rupa": 5, "jam": 5, "god": 5, "twit": 4, "hak": 4, "love": 4, "yah": 4, "lady": 4, "jawab": 4, "era": 3, "pekan": 3, "kala": 3, "badan": 3, "live": 3, "ego": 3, "faith": 3, "single": 3, "amin": 2, "dah": 2, "twitter": 2, "club": 2, "ceria": 2, "balas": 2, "status": 2, "guru": 2, "maha": 2, "point": 2, "gratis": 2, "trust": 2, "dear": 2, "lari": 2, "past": 2, "believe": 2, "bahan": 2, "tawa": 2, "saya": 1, "kayak": 1, "bismillah": 1, "beset": 1, "queen": 1, "halo": 1, "tweet": 1, "motor": 1, "dar": 1, "vie": 1, "kosong": 1, "pasang": 1, "link": 1, "profile": 1, "rada": 1, "sma": 1, "positivity": 1, "anda": 1, "mark": 1, "pad": 1, "pen": 1, "agama": 1, "bali": 1, "medium": 1, "tulisan": 1, "challenge": 1, "nan": 1, "raga": 1, "quote": 1, "puzzle": 1, "kind": 1, "pain": 1, "sing": 1, "smile": 1, "grab": 1, "browser": 1, "sore": 1, "aeon": 1, "mall": 1, "bola": 1, "trick": 1, "art": 1, "floor": 1, "hello": 1, "yes": 1, "guna": 1, "bara": 1, "sorry": 1, "natal": 1, "pipi": 1, "tang": 1, "drama": 1, "move": 1, "pinta": 1, "sang": 1, "happy": 1, "dada": 1, "tampan": 1, "good": 1, "headline": 1, "surat": 1, "hub": 1, "wow": 1, "chat": 1}, "emojis": {}, "interests": {"yang": 27528.94304047051, "orang": 21503.78486648791, "aku": 14523.444793439274, "apa": 13965.663624661074, "masa": 9893.64076104923, "dan": 8544.745654085189, "pantas": 7756.833785820526, "dari": 4623.440911335316, "rasa": 3499.8883918932634, "agar": 2460.258228834138, "lie": 2019.064232817172, "lain": 1055.398568117631, "pal": 950.508142855122, "pun": 744.9569074460884, "berat": 440.54747492540946, "rupa": 408.3952804122227, "teman": 375.04816149988494, "lama": 259.6535564322582, "kali": 212.480386665405, "yakin": 188.98033142032864, "mau": 169.10106319023183, "twit": 148.28104086486627, "sisi": 145.0392438832881, "mana": 126.23274432433203, "beset": 115.14248276998225, "tau": 109.14495379046812, "air": 105.75397086515464, "love": 86.30436676913477, "baru": 82.47724568039729, "serta": 70.98587507488355, "pipi": 56.58404723724128, "ceria": 52.29543748048337, "kan": 51.925823564221744, "yah": 48.50886835131917, "kosong": 48.22018258681798, "dah": 44.55174544552039, "tua": 43.712250431815484, "hak": 42.96839467700944, "balas": 42.938950562393856, "tulisan": 41.94799553523663, "jawab": 41.64397093846992, "kala": 40.70257726576885, "demi": 39.24565091312511, "tampan": 37.07026021621657, "live": 34.0578415862953, "pasang": 33.168641109989416, "badan": 27.561046079715016, "rada": 27.317635323120935, "raga": 27.317635323120935, "aeon": 27.317635323120935, "lari": 25.420082141122116, "pekan": 23.064091302519948, "bahan": 22.67171781077024, "kalo": 22.281582607022305, "happy": 19.432533315845042, "tawa": 18.847522419167046, "ego": 17.64155461722111, "bara": 16.548902659494882, "guna": 14.793181434569572, "twitter": 12.93836905512378, "tweet": 12.66717094852262, "pinta": 12.127217087829793, "good": 10.448463910798237, "yes": 9.541428205646852, "tang": 8.432103463566538, "wow": 7.030690321788219, "believe": 7.005191329181561, "min": 6.636458952146118, "god": 6.489826534699254, "link": 6.345795220544845, "move": 5.989974547101354, "medium": 5.959179708061165, "bismillah": 5.770074628433922, "kind": 5.391662567515666, "saya": 4.478617367972072, "nan": 4.327151963685145, "vie": 4.123862284019865, "challenge": 3.616603493247908, "sorry": 3.4381186649293562, "kayak": 3.435468442704555, "gratis": 3.4095600916777964, "sing": 3.402476981653374, "anda": 3.369594131302485, "mark": 3.2984060934821335, "art": 3.150821669835073, "point": 2.950710239091841, "hello": 2.7105690967847322, "sma": 2.620182553126268, "club": 2.59492224721564, "surat": 2.286681380347073, "maha": 2.1822926856820746, "puzzle": 1.8987366060622037, "amin": 1.7429929106559914, "agama": 1.7353820294881248, "guru": 1.7143153719632038, "queen": 1.6661541059887381, "sang": 1.616760630203715, "smile": 1.5086850513706187, "grab": 1.3936887798362212, "chat": 1.2899013807165811, "hub": 1.1669328109032389, "past": 1.1299577270656747, "halo": 0.9708583463124946, "era": 0.8943416657262055, "dada": 0.7824175846831397, "dar": 0.7181456163883266, "natal": 0.6515806699004142, "pen": 0.4725270970471773, "motor": 0.4644665155917339, "trust": 0.4474254875383294, "drama": 0.42495121320693224, "pain": 0.394385575893466, "headline": 0.3901748900056753, "positivity": 0.38333747604672347, "browser": 0.36996367897555826, "dear": 0.3602179955929161, "status": 0.35344890804416357, "lady": 0.34191024145880805, "faith": 0.3111341367068846, "bola": 0.2368899552808282, "sore": 0.19006597280331688, "pad": 0.14715310586392089, "profile": 0.11157945856958407, "floor": 0.09936846716147045, "bali": 0.09867877215264594, "trick": 0.091522188848727, "quote": 0.021033557217973373, "mall": 0.0004532277765013014, "jam": 7.989005600104715e-05, "single": 7.351010183291621e-05}}