{"username": "pepatah", "words": {"yang": 881, "dan": 480, "orang": 309, "apa": 231, "aku": 211, "dari": 194, "masa": 122, "lie": 86, "agar": 62, "rasa": 57, "lain": 38, "pal": 38, "pantas": 35, "air": 33, "pun": 27, "mau": 24, "teman": 24, "baru": 20, "lama": 17, "kali": 17, "kan": 12, "mana": 12, "berat": 12, "tau": 9, "demi": 8, "sisi": 8, "serta": 7, "yakin": 6, "kalo": 5, "min": 5, "tua": 5, "rupa": 5, "jam": 5, "god": 5, "twit": 4, "hak": 4, "love": 4, "yah": 4, "lady": 4, "jawab": 4, "era": 3, "pekan": 3, "kala": 3, "badan": 3, "live": 3, "ego": 3, "faith": 3, "single": 3, "amin": 2, "dah": 2, "twitter": 2, "club": 2, "ceria": 2, "balas": 2, "status": 2, "guru": 2, "maha": 2, "point": 2, "gratis": 2, "trust": 2, "dear": 2, "lari": 2, "past": 2, "believe": 2, "bahan": 2, "tawa": 2, "saya": 1, "kayak": 1, "bismillah": 1, "beset": 1, "queen": 1, "halo": 1, "tweet": 1, "motor": 1, "dar": 1, "vie": 1, "kosong": 1, "pasang": 1, "link": 1, "profile": 1, "rada": 1, "sma": 1, "positivity": 1, "anda": 1, "mark": 1, "pad": 1, "pen": 1, "agama": 1, "bali": 1, "medium": 1, "tulisan": 1, "challenge": 1, "nan": 1, "raga": 1, "quote": 1, "puzzle": 1, "kind": 1, "pain": 1, "sing": 1, "smile": 1, "grab": 1, "browser": 1, "sore": 1, "aeon": 1, "mall": 1, "bola": 1, "trick": 1, "art": 1, "floor": 1, "hello": 1, "yes": 1, "guna": 1, "bara": 1, "sorry": 1, "natal": 1, "pipi": 1, "tang": 1, "drama": 1, "move": 1, "pinta": 1, "sang": 1, "happy": 1, "dada": 1, "tampan": 1, "good": 1, "headline": 1, "surat": 1, "hub": 1, "wow": 1, "chat": 1}, "emojis": {}, "interests": {"pantas": 0.6363636363636364, "beset": 0.3333333333333333, "rupa": 0.23809523809523808, "masa": 0.2364341085271318, "aku": 0.20505344995140914, "orang": 0.20409511228533686, "rasa": 0.18037974683544303, "apa": 0.178516228748068, "pipi": 0.16666666666666666, "kosong": 0.14285714285714285, "tulisan": 0.125, "agar": 0.11854684512428298, "twit": 0.1111111111111111, "tampan": 0.1111111111111111, "berat": 0.11009174311926606, "pasang": 0.1, "yakin": 0.09523809523809523, "yang": 0.09456848432803779, "aeon": 0.09090909090909091, "pun": 0.08490566037735849, "lain": 0.08463251670378619, "rada": 0.08333333333333333, "raga": 0.08333333333333333, "ceria": 0.08, "pal": 0.07692307692307693, "dah": 0.07692307692307693, "dari": 0.07345702385460053, "lie": 0.07251264755480608, "balas": 0.06666666666666667, "sisi": 0.05714285714285714, "dan": 0.056265385066229044, "bara": 0.05, "teman": 0.04979253112033195, "lama": 0.04927536231884058, "guna": 0.047619047619047616, "kala": 0.04411764705882353, "lari": 0.041666666666666664, "kali": 0.04096385542168675, "tau": 0.04090909090909091, "yah": 0.04, "pinta": 0.04, "bahan": 0.03773584905660377, "hak": 0.037037037037037035, "mana": 0.035398230088495575, "jawab": 0.03508771929824561, "serta": 0.03431372549019608, "tawa": 0.03225806451612903, "tua": 0.03184713375796178, "badan": 0.031578947368421054, "tang": 0.029411764705882353, "pekan": 0.02727272727272727, "mau": 0.025559105431309903, "ego": 0.023076923076923078, "bismillah": 0.022222222222222223, "nan": 0.02, "vie": 0.019230769230769232, "demi": 0.019184652278177457, "kalo": 0.017985611510791366, "baru": 0.01697792869269949, "kan": 0.016216216216216217, "kayak": 0.014925373134328358, "air": 0.014285714285714285, "sma": 0.013513513513513514, "surat": 0.011494252873563218, "puzzle": 0.010309278350515464, "agama": 0.00980392156862745, "gratis": 0.009708737864077669, "sang": 0.009433962264150943, "min": 0.008635578583765112, "hub": 0.008064516129032258, "maha": 0.007722007722007722, "halo": 0.007407407407407408, "amin": 0.007017543859649123, "guru": 0.006968641114982578, "dada": 0.006711409395973154, "natal": 0.00625, "past": 0.005847953216374269, "pen": 0.005649717514124294, "motor": 0.00558659217877095, "headline": 0.005263157894736842, "positivity": 0.005235602094240838, "browser": 0.0051813471502590676, "bola": 0.004629629629629629, "sore": 0.0044444444444444444, "status": 0.004347826086956522, "pad": 0.004219409282700422, "profile": 0.003968253968253968, "bali": 0.0038910505836575876, "faith": 0.0038860103626943004, "quote": 0.003289473684210526, "mall": 0.0029069767441860465, "jam": 0.0028620492272467086, "single": 0.002859866539561487, "lady": 0.002122015915119363, "trick": 0.0020920502092050207, "floor": 0.002066115702479339, "dear": 0.0018501387604070306, "trust": 0.001774622892635315, "era": 0.001665741254858412, "pain": 0.0015267175572519084, "drama": 0.0014925373134328358, "dar": 0.0012610340479192938, "chat": 0.0009652509652509653, "club": 0.000962000962000962, "god": 0.0009606147934678194, "grab": 0.0009285051067780873, "point": 0.0008960573476702509, "smile": 0.0008920606601248885, "queen": 0.0008417508417508417, "hello": 0.0006349206349206349, "art": 0.000576036866359447, "mark": 0.0005577244841048522, "anda": 0.0005497526113249038, "sing": 0.0005420054200542005, "sorry": 0.000536480686695279, "believe": 0.0005336179295624333, "challenge": 0.0005192107995846313, "saya": 0.0004506534474988734, "kind": 0.00039032006245121, "medium": 0.0003637686431429611, "move": 0.00036010082823190496, "link": 0.0003448275862068965, "twitter": 0.0003403675970047651, "wow": 0.0003214400514304082, "yes": 0.00023781212841854935, "good": 0.00023512814483893723, "live": 0.00021439291074108483, "tweet": 0.00019451468585878233, "happy": 0.00013766519823788548, "love": 0.00012078388742941691}}