{"username": "pepatah", "words": {"yang": 881, "dan": 480, "orang": 309, "apa": 231, "aku": 211, "dari": 194, "masa": 122, "lie": 86, "agar": 62, "rasa": 57, "lain": 38, "pal": 38, "pantas": 35, "air": 33, "pun": 27, "mau": 24, "teman": 24, "baru": 20, "lama": 17, "kali": 17, "kan": 12, "mana": 12, "berat": 12, "tau": 9, "demi": 8, "sisi": 8, "serta": 7, "yakin": 6, "kalo": 5, "min": 5, "tua": 5, "rupa": 5, "jam": 5, "god": 5, "twit": 4, "hak": 4, "love": 4, "yah": 4, "lady": 4, "jawab": 4, "era": 3, "pekan": 3, "kala": 3, "badan": 3, "live": 3, "ego": 3, "faith": 3, "single": 3, "amin": 2, "dah": 2, "twitter": 2, "club": 2, "ceria": 2, "balas": 2, "status": 2, "guru": 2, "maha": 2, "point": 2, "gratis": 2, "trust": 2, "dear": 2, "lari": 2, "past": 2, "believe": 2, "bahan": 2, "tawa": 2, "saya": 1, "kayak": 1, "bismillah": 1, "beset": 1, "queen": 1, "halo": 1, "tweet": 1, "motor": 1, "dar": 1, "vie": 1, "kosong": 1, "pasang": 1, "link": 1, "profile": 1, "rada": 1, "sma": 1, "positivity": 1, "anda": 1, "mark": 1, "pad": 1, "pen": 1, "agama": 1, "bali": 1, "medium": 1, "tulisan": 1, "challenge": 1, "nan": 1, "raga": 1, "quote": 1, "puzzle": 1, "kind": 1, "pain": 1, "sing": 1, "smile": 1, "grab": 1, "browser": 1, "sore": 1, "aeon": 1, "mall": 1, "bola": 1, "trick": 1, "art": 1, "floor": 1, "hello": 1, "yes": 1, "guna": 1, "bara": 1, "sorry": 1, "natal": 1, "pipi": 1, "tang": 1, "drama": 1, "move": 1, "pinta": 1, "sang": 1, "happy": 1, "dada": 1, "tampan": 1, "good": 1, "headline": 1, "surat": 1, "hub": 1, "wow": 1, "chat": 1}, "emojis": {}, "interests": {"pantas": 0.6363636363636364, "beset": 0.3333333333333333, "rupa": 0.23809523809523808, "masa": 0.2364341085271318, "orang": 0.20369149637442321, "aku": 0.20152817574021012, "rasa": 0.18037974683544303, "apa": 0.1776923076923077, "pipi": 0.16666666666666666, "kosong": 0.14285714285714285, "tulisan": 0.125, "agar": 0.11854684512428298, "twit": 0.1111111111111111, "tampan": 0.1111111111111111, "berat": 0.11009174311926606, "pasang": 0.1, "yakin": 0.09523809523809523, "yang": 0.09452789699570815, "lain": 0.08463251670378619, "pun": 0.08411214953271028, "rada": 0.08333333333333333, "raga": 0.08333333333333333, "aeon": 0.08333333333333333, "ceria": 0.08, "pal": 0.07676767676767676, "dari": 0.07340143776012108, "lie": 0.0723905723905724, "dah": 0.06896551724137931, "balas": 0.06666666666666667, "sisi": 0.05714285714285714, "dan": 0.05620608899297424, "bara": 0.05263157894736842, "teman": 0.05, "lama": 0.04899135446685879, "guna": 0.047619047619047616, "kala": 0.04411764705882353, "lari": 0.041666666666666664, "kali": 0.04106280193236715, "tau": 0.04, "yah": 0.04, "pinta": 0.04, "bahan": 0.03773584905660377, "hak": 0.036036036036036036, "mana": 0.035398230088495575, "jawab": 0.03508771929824561, "serta": 0.03431372549019608, "tawa": 0.03225806451612903, "badan": 0.031578947368421054, "tua": 0.030303030303030304, "tang": 0.029411764705882353, "pekan": 0.02727272727272727, "mau": 0.025423728813559324, "ego": 0.022058823529411766, "bismillah": 0.021739130434782608, "demi": 0.019230769230769232, "kalo": 0.017921146953405017, "kan": 0.017543859649122806, "nan": 0.017543859649122806, "baru": 0.01694915254237288, "vie": 0.01694915254237288, "kayak": 0.014925373134328358, "air": 0.014242555028053518, "sma": 0.0125, "surat": 0.011494252873563218, "puzzle": 0.010309278350515464, "agama": 0.00980392156862745, "gratis": 0.009708737864077669, "sang": 0.009433962264150943, "min": 0.008517887563884156, "hub": 0.008, "maha": 0.007751937984496124, "halo": 0.007352941176470588, "amin": 0.007017543859649123, "guru": 0.006968641114982578, "dada": 0.006711409395973154, "natal": 0.00625, "past": 0.005934718100890208, "pen": 0.00558659217877095, "motor": 0.005555555555555556, "headline": 0.005263157894736842, "positivity": 0.005235602094240838, "browser": 0.0051813471502590676, "bola": 0.004608294930875576, "sore": 0.0043859649122807015, "status": 0.004319654427645789, "pad": 0.004166666666666667, "profile": 0.003968253968253968, "faith": 0.00392156862745098, "bali": 0.0038910505836575876, "quote": 0.003289473684210526, "mall": 0.0029069767441860465, "single": 0.002859866539561487, "jam": 0.002857142857142857, "lady": 0.002127659574468085, "trick": 0.002105263157894737, "floor": 0.002079002079002079, "dear": 0.0018674136321195146, "trust": 0.0017809439002671415, "era": 0.0016602102933038186, "pain": 0.0015360983102918587, "drama": 0.0014992503748125937, "dar": 0.0012484394506866417, "chat": 0.0009643201542912247, "god": 0.0009615384615384616, "club": 0.0009615384615384616, "grab": 0.0009276437847866419, "point": 0.0009009009009009009, "smile": 0.0008904719501335708, "queen": 0.0008445945945945946, "hello": 0.0006345177664974619, "art": 0.0005750431282346176, "mark": 0.0005580357142857143, "anda": 0.0005497526113249038, "sing": 0.0005461496450027307, "sorry": 0.0005422993492407809, "believe": 0.0005356186395286556, "challenge": 0.0005238344683080147, "saya": 0.00045024763619990995, "kind": 0.00039231071008238524, "medium": 0.0003635041802980734, "move": 0.0003619254433586681, "link": 0.00034602076124567473, "twitter": 0.00034083162917518747, "wow": 0.0003191828917969997, "yes": 0.0002484472049689441, "good": 0.0002300966405890474, "live": 0.00021433164249482032, "tweet": 0.00019496977968414895, "happy": 0.00013308490817141337, "love": 0.00012093360744951022}}