{"username": "pepatah", "words": {"yang": 881, "dan": 480, "orang": 309, "apa": 231, "aku": 211, "dari": 194, "masa": 122, "lie": 86, "agar": 62, "rasa": 57, "lain": 38, "pal": 38, "pantas": 35, "air": 33, "pun": 27, "mau": 24, "teman": 24, "baru": 20, "lama": 17, "kali": 17, "kan": 12, "mana": 12, "berat": 12, "tau": 9, "demi": 8, "sisi": 8, "serta": 7, "yakin": 6, "kalo": 5, "min": 5, "tua": 5, "rupa": 5, "jam": 5, "god": 5, "twit": 4, "hak": 4, "love": 4, "yah": 4, "lady": 4, "jawab": 4, "era": 3, "pekan": 3, "kala": 3, "badan": 3, "live": 3, "ego": 3, "faith": 3, "single": 3, "amin": 2, "dah": 2, "twitter": 2, "club": 2, "ceria": 2, "balas": 2, "status": 2, "guru": 2, "maha": 2, "point": 2, "gratis": 2, "trust": 2, "dear": 2, "lari": 2, "past": 2, "believe": 2, "bahan": 2, "tawa": 2, "saya": 1, "kayak": 1, "bismillah": 1, "beset": 1, "queen": 1, "halo": 1, "tweet": 1, "motor": 1, "dar": 1, "vie": 1, "kosong": 1, "pasang": 1, "link": 1, "profile": 1, "rada": 1, "sma": 1, "positivity": 1, "anda": 1, "mark": 1, "pad": 1, "pen": 1, "agama": 1, "bali": 1, "medium": 1, "tulisan": 1, "challenge": 1, "nan": 1, "raga": 1, "quote": 1, "puzzle": 1, "kind": 1, "pain": 1, "sing": 1, "smile": 1, "grab": 1, "browser": 1, "sore": 1, "aeon": 1, "mall": 1, "bola": 1, "trick": 1, "art": 1, "floor": 1, "hello": 1, "yes": 1, "guna": 1, "bara": 1, "sorry": 1, "natal": 1, "pipi": 1, "tang": 1, "drama": 1, "move": 1, "pinta": 1, "sang": 1, "happy": 1, "dada": 1, "tampan": 1, "good": 1, "headline": 1, "surat": 1, "hub": 1, "wow": 1, "chat": 1}, "emojis": {}, "interests": {"yang": 84396.21064546933, "orang": 64594.3352468115, "aku": 44317.18966838289, "apa": 42179.38938361631, "masa": 29582.764383530277, "dan": 26974.425019821396, "pantas": 22960.497516561354, "dari": 14350.023557710494, "rasa": 10517.732234367608, "agar": 7476.4535658822315, "lie": 6277.3860567712645, "lain": 3249.8792316965673, "pal": 2946.997598971293, "pun": 2316.749496911503, "berat": 1342.150117535601, "rupa": 1220.9964392466663, "teman": 1188.1414340283586, "lama": 832.5126792914511, "kali": 686.4778892527613, "mau": 587.195103945838, "yakin": 578.9294697349326, "sisi": 456.8302278878962, "twit": 451.5992375025493, "air": 423.7005469954874, "mana": 415.5575596646695, "tau": 362.9201068349957, "beset": 342.67621774299676, "baru": 312.2495823432774, "serta": 234.56482511335773, "kan": 177.93034634762265, "pipi": 170.3424608184825, "ceria": 161.46736937684852, "yah": 157.5399018265834, "dah": 155.10513678796278, "tua": 154.80469276914488, "kosong": 145.7239053145975, "hak": 145.29258736984374, "demi": 143.10178583405445, "jawab": 137.23585624781063, "balas": 133.8983395578969, "kala": 130.92134428406158, "tulisan": 127.26023046151616, "tampan": 112.89980937563732, "pasang": 101.4116659268002, "badan": 92.05165911017505, "aeon": 92.0124516685389, "rada": 84.17993430320942, "raga": 84.17993430320942, "kalo": 83.25625912942334, "lari": 82.21474987908216, "pekan": 78.70801314459783, "bahan": 74.09049772372627, "ego": 65.7117194052984, "tawa": 62.77092463167473, "bara": 49.72033945334707, "guna": 47.2593542923554, "pinta": 39.38497545664585, "min": 35.206753160270246, "tang": 28.44523282824321, "love": 24.527000301572205, "bismillah": 21.02174056617475, "nan": 18.72875395319036, "vie": 17.935288190823016, "gratis": 16.277279730579664, "kayak": 13.497929227260999, "maha": 12.219898793367918, "sma": 12.044807908986458, "amin": 10.788184001413883, "guru": 10.688985372948599, "surat": 9.969424415658228, "puzzle": 8.75380811267108, "past": 8.42454854780883, "agama": 8.23609461531612, "live": 8.197680561974844, "sang": 7.8574177113644925, "faith": 6.801237397649903, "jam": 6.486602513917579, "hub": 6.458790876048398, "halo": 5.789965441634051, "status": 5.436343512011771, "happy": 5.16735809296218, "dada": 5.083829003730703, "natal": 4.61736057611162, "pen": 4.013097199086293, "motor": 3.9497585416820704, "single": 3.8859643599853277, "headline": 3.6259591323196934, "positivity": 3.5984329842167275, "browser": 3.5442664884491193, "tweet": 3.172989720109815, "bola": 2.996022850305986, "sore": 2.8132415684713887, "lady": 2.5998093928291857, "pad": 2.592155913883816, "twitter": 2.386569432715271, "good": 2.3562006420458808, "profile": 2.346962798311647, "yes": 2.312555166780567, "bali": 2.271968455131797, "quote": 1.695379608544948, "wow": 1.341021440696913, "mall": 1.3385541151919678, "link": 1.1611466596341216, "move": 1.0579862790138082, "medium": 1.034700091567955, "era": 0.9089749568286414, "kind": 0.8813072141435568, "dear": 0.8715951501096685, "trust": 0.759911891745793, "believe": 0.7282314570649432, "trick": 0.6254951309720984, "saya": 0.6119780677729256, "floor": 0.60448092962037, "challenge": 0.3995076338722746, "sorry": 0.35740488321995173, "sing": 0.3447426804616651, "anda": 0.32760884821212993, "mark": 0.31070734112540094, "art": 0.274518047897996, "pain": 0.21210647221641124, "drama": 0.19126990818133005, "hello": 0.17970204718476007, "dar": 0.07084413086931937, "queen": 0.019301166540330185, "point": 0.011648050588400247, "smile": 0.006526867290028211, "grab": 0.0016587816607853555, "god": 0.00022631196062916195, "club": 5.587862767650317e-05, "chat": 3.6598554511250714e-06}}